RAW COUNTS,1,2,3,4,5,6,7,8,9,10,11,12,13,14,15,16,17,18,19,20,21,22,23,24,25,26,27,28,29,30,31,32,33,34,35,36,37,38,39,40,41,42,43,44,45,46,47,48,49,50,51,52,53,54,55,56,57,58,59,60,61,62,63,64,65,66,67,68,69,70,71,72,73,74,75,76,77,78,79,80,81,82,83,84,85,86,87,88,89,90,91,92,93,94,95,96,97,98,Total
Sample_A0_highconc_rep1,0,370,1415,1110,33,2302,50,430,50,359,118,63,205,1,570,471,0,13,300,0,1487,110,1,172,343,853,795,225,180,930,320,1830,0,1300,539,1127,664,792,0,2472,321,2134,832,0,30,233,1541,0,273,0,2283,4730,1474,0,84,1578,2202,674,214,753,222,2023,696,5,0,0,97,391,1283,137,35,1070,683,17,145,191,1161,0,81,578,257,0,235,1023,0,17,118,3164,177,817,5,1396,1496,489,163,698,74,0,60300
Sample_A0_highconc_rep2,0,1024,3258,1255,115,3627,101,1514,0,302,557,593,561,492,1609,3,0,34,363,273,2000,1460,26,196,1165,167,1966,493,1047,1814,937,2955,0,994,408,755,715,660,144,291,387,907,1608,1,209,736,1985,3219,2275,0,1639,6159,1840,88,0,478,4649,438,1322,460,455,3476,1016,13,0,0,275,2007,1734,668,54,1454,1371,6,346,1,4714,643,0,824,629,0,745,2629,0,0,311,4760,3,2177,4,1822,1745,324,0,714,266,0,97460
Sample_A0_lowconc_rep1,0,0,0,0,0,554,0,0,0,0,0,0,0,0,27,0,0,0,0,0,0,0,0,0,0,0,0,0,0,0,0,0,0,0,0,0,0,0,0,0,0,0,0,0,0,0,0,0,354,0,0,0,0,0,0,426,0,0,0,239,0,0,0,0,0,0,29,0,0,0,30,0,0,0,0,57,0,0,0,0,152,0,0,0,0,0,0,355,0,0,0,0,0,0,0,0,0,0,2223
Sample_A0_lowconc_rep2,0,0,0,63,8,0,0,0,0,0,45,0,51,0,9,0,0,0,0,0,0,0,0,0,0,0,0,0,26,0,0,21,0,0,0,80,0,0,0,0,57,0,0,0,0,0,0,0,43,0,76,0,0,22,0,0,88,91,0,0,0,59,0,0,0,0,0,0,0,3,0,0,0,0,0,0,0,0,0,0,0,0,0,0,0,0,0,0,0,0,0,0,0,0,3,0,0,0,745
Sample_A100_highconc_rep1,0,517,882,1596,37,503,66,627,123,0,371,0,0,1,353,1562,0,6,0,183,398,121,0,3,830,403,636,278,383,1117,430,1932,0,0,440,1139,622,0,535,2070,676,0,2501,1,0,493,63,3001,1520,0,1036,6110,17,126,0,0,3554,1067,0,754,1014,3412,353,9,0,0,391,480,1112,415,58,755,888,0,491,570,746,96,600,225,244,0,303,1271,164,0,349,5583,0,397,0,654,1923,312,0,707,0,0,62605
Sample_A100_highconc_rep2,0,86,0,77,0,437,7,48,40,42,0,63,41,1,42,166,0,1,0,1,27,0,0,43,116,72,178,89,24,0,82,153,0,0,72,4,239,106,2,278,61,265,0,203,0,149,51,33,107,0,354,394,314,36,5,144,716,117,68,0,0,204,69,1,0,0,6,13,27,24,1,35,33,0,74,4,141,0,29,0,24,0,35,52,0,1,21,482,135,50,1,177,173,0,0,95,0,0,7461
Sample_A100_lowconc_rep1,0,0,0,254,0,0,0,99,0,0,0,0,0,0,20,0,0,0,0,0,0,0,0,0,0,0,0,0,0,0,0,0,0,0,0,0,0,0,46,0,0,0,0,0,28,0,0,0,0,0,0,0,407,12,0,0,0,0,0,0,0,0,0,2,0,0,0,0,113,0,0,0,0,0,94,0,0,0,0,0,0,0,0,185,0,10,0,200,0,0,0,0,0,0,0,0,0,0,1470
Sample_A100_lowconc_rep2,0,0,0,0,0,382,0,0,0,0,0,0,121,0,4,0,0,0,0,0,0,0,0,0,0,0,0,0,0,0,0,0,0,0,260,0,0,0,0,0,0,0,0,0,0,0,0,0,0,0,0,0,0,0,0,0,0,0,0,0,0,0,0,0,0,0,0,0,0,8,0,0,0,0,0,0,796,0,0,0,0,0,0,0,0,0,0,0,0,0,0,109,0,0,0,0,0,0,1680
Sample_A10_highconc_rep1,0,5110,6947,6531,777,6669,1,2104,590,1936,3081,546,904,252,1623,1195,0,22,2393,715,1,1698,55,1333,2027,3529,3787,1581,1345,3393,1315,3395,0,4207,2449,4055,3376,3008,1591,5414,3621,8903,6321,1,850,11,4832,2133,1173,0,9727,13291,4700,1556,484,4873,10713,4457,2571,1407,1373,6314,2912,39,0,0,252,2944,2780,970,99,5092,1870,27,1073,1,7437,682,1466,1562,1205,0,2548,5697,167,469,1930,6416,2,5282,59,3572,5476,1591,205,5350,1021,0,248462
Sample_A10_highconc_rep2,0,13432,12482,5846,531,5130,646,1279,456,1923,2635,440,1342,18,2055,757,0,45,2452,594,3,1372,27,1146,3028,2720,5428,1613,2209,3312,1304,4777,0,5451,2035,2978,5257,4160,1111,7231,2877,7342,4063,9507,1,10,5884,2456,2094,0,11249,10562,11330,1525,303,4549,13408,5796,3097,2818,2931,10228,2709,23,0,0,138,1288,2771,332,246,5862,1540,31,1343,747,5035,1837,2280,2214,1119,0,3012,6418,386,543,1465,7370,6,5505,39,3546,10536,1705,238,4686,648,0,294873
Sample_A10_lowconc_rep1,0,374,0,0,25,282,0,0,12,162,0,0,0,0,34,0,0,0,0,0,0,0,0,0,0,0,0,0,0,0,0,0,0,0,0,0,298,0,112,0,0,278,0,0,116,0,0,293,237,0,244,0,482,0,39,0,0,392,183,594,317,200,264,12,0,0,35,0,0,147,0,0,51,0,0,0,0,0,447,0,0,0,0,273,0,0,0,0,0,0,0,11,0,0,0,0,68,0,5982
Sample_A10_lowconc_rep2,0,0,0,270,0,131,0,0,0,74,214,0,0,0,4,0,0,0,0,0,0,0,0,0,0,0,0,0,0,157,0,0,0,0,0,114,0,0,0,0,48,280,0,0,0,0,110,0,0,0,0,402,96,0,27,149,608,0,125,0,0,152,0,0,0,0,10,0,150,0,0,0,0,0,0,9,0,0,87,0,0,0,163,0,0,0,0,0,67,114,0,26,310,0,0,0,0,0,3897
Sample_A1_highconc_rep1,0,1585,3004,4115,193,4369,281,896,110,615,1158,439,414,5,950,617,0,30,440,355,1,650,28,526,1160,1245,2742,882,1141,1422,708,1839,0,3091,1427,1963,3575,2253,253,3478,1108,2159,2485,2147,1,3,2630,1625,1171,0,3965,7392,3259,597,163,2323,7136,3727,1659,542,1225,5066,1470,19,0,0,188,1452,2639,457,184,2143,835,29,833,3,3352,499,669,1976,231,0,905,3010,77,144,726,5599,1,3134,16,2007,3732,377,53,828,320,0,136251
Sample_A1_highconc_rep2,0,5211,5300,5179,353,5752,1,1010,1,2595,1840,318,616,45,877,1405,0,25,1357,416,1584,561,21,287,623,1061,3045,360,1217,2907,696,3805,0,5769,1716,2836,2608,2256,1107,3775,1864,4781,3769,1,1,3,4334,1023,1454,0,7411,9361,4960,2017,337,2997,8287,4756,1518,1633,1327,6701,1643,13,0,0,127,1823,1976,617,35,1792,1173,22,829,327,3136,355,866,1327,504,0,1258,3740,198,100,754,5283,3,2329,16,3962,2381,0,61,6111,445,0,180276
Sample_A1_lowconc_rep1,0,0,0,0,0,487,0,0,0,0,0,0,0,0,48,0,0,0,0,0,0,0,0,0,0,0,0,0,0,0,0,0,0,0,0,0,0,0,0,0,0,0,0,0,0,0,0,0,0,0,0,0,0,0,0,0,491,0,0,0,0,0,0,0,0,0,27,0,0,0,0,0,276,0,0,0,558,0,0,0,0,0,153,0,0,0,8,0,249,0,0,0,0,0,0,0,0,0,2297
Sample_A1_lowconc_rep2,0,0,0,0,0,0,0,0,0,0,0,0,0,0,4,73,0,0,0,0,0,0,0,0,0,0,0,0,0,0,0,0,0,0,0,0,0,0,0,0,0,0,0,0,0,0,0,0,0,0,0,0,0,41,0,0,41,0,0,0,0,0,0,0,0,0,0,0,0,0,0,0,0,0,0,0,0,0,0,0,0,0,0,0,0,0,0,0,0,0,0,0,0,0,0,0,0,0,159
Sample_A20_highconc_rep1,0,613,2391,2606,104,2832,106,389,205,432,947,178,644,3,1047,651,0,7,537,322,1263,515,24,286,375,1722,670,683,530,733,504,1465,0,2411,875,1475,1178,797,418,2804,1013,1875,1774,2193,74,804,1020,990,885,0,2580,3611,2263,319,171,1648,2564,1311,1096,651,675,1472,1024,33,0,0,126,767,1140,355,114,1103,875,11,481,285,3570,584,363,934,241,0,807,1677,94,24,287,2242,1,954,18,1289,1153,389,39,601,284,0,83596
Sample_A20_highconc_rep2,0,4934,6051,3223,311,6389,316,1932,179,1046,1168,382,1390,12,1516,325,0,41,1924,742,1,1473,59,1163,1773,1797,3075,1015,1844,971,1183,2003,0,4568,1182,2363,3611,3917,733,6689,1825,4463,2617,1053,426,6,5151,3788,1958,0,4777,9560,6674,812,371,5780,6255,6817,1990,2247,2012,5215,2235,38,0,0,202,2692,2579,1040,152,4661,2120,29,1924,465,4501,947,2120,2016,331,0,1156,7164,86,111,1660,7627,3,4038,9,3778,4894,744,66,5318,321,0,210125
Sample_A20_lowconc_rep1,0,0,702,178,14,226,0,0,0,0,0,0,0,0,19,0,0,2,0,0,0,0,0,0,0,0,0,0,0,0,0,0,0,0,0,177,0,227,0,0,0,0,0,0,0,461,0,0,0,0,0,234,0,0,0,0,210,234,0,0,0,0,0,0,0,0,0,0,0,31,0,101,0,0,0,0,0,0,0,0,0,0,159,0,0,0,0,0,0,0,0,0,0,0,14,0,0,0,2989
Sample_A20_lowconc_rep2,0,0,360,0,0,214,0,0,19,0,0,0,0,0,71,0,0,0,0,0,0,0,0,0,0,0,0,0,0,0,0,0,0,0,0,2,0,0,0,502,0,0,282,568,0,0,0,0,0,0,0,0,0,0,0,0,0,0,0,0,0,0,0,0,0,0,0,0,0,0,0,0,0,0,0,74,0,0,0,0,0,0,0,0,0,0,0,0,0,0,0,0,0,0,0,69,0,0,2161
Sample_A50_highconc_rep1,0,5691,3967,2122,214,1796,226,512,180,760,996,275,463,50,813,762,0,19,986,363,1,288,14,363,1430,1609,1703,653,809,1444,751,1299,0,1481,830,1521,1294,1423,393,2512,1371,2123,1988,3033,549,12,2021,1228,1299,0,3848,3482,2931,808,192,2637,4116,3225,1173,875,916,3150,917,19,0,0,55,901,1024,265,80,1600,470,16,393,180,1893,308,658,772,355,0,892,2493,109,124,506,2932,2,1767,5,1724,2554,397,119,1000,112,0,105632
Sample_A50_highconc_rep2,0,9994,7865,8090,790,8266,745,2028,730,2387,2936,1625,1772,94,3232,3772,0,53,4031,1686,2,1701,115,1717,4605,2789,5388,2641,2426,3530,2361,3696,0,4089,3426,4955,4621,4784,1770,7485,3849,7333,5541,1,895,3,7286,3785,3282,0,8410,11456,6399,2413,551,6216,11516,5306,2952,3965,3132,9215,3683,59,0,0,502,5126,4359,1421,323,7476,3928,43,2481,1,7383,1304,3090,2146,936,0,3542,7799,814,468,1034,9845,11,8206,61,5445,5677,1427,200,2646,537,0,317676
Sample_A50_lowconc_rep1,0,746,1242,263,0,1584,104,0,236,0,633,0,223,0,144,0,0,0,0,338,0,999,0,73,0,144,0,137,299,433,0,94,0,0,0,0,0,0,48,0,0,380,860,0,1,1,333,220,653,0,488,871,454,196,0,2,15,296,0,0,2,293,0,6,0,0,27,628,125,237,75,2136,530,11,177,129,492,0,340,356,291,0,0,370,131,0,0,226,0,0,0,901,0,829,14,493,27,0,21356
Sample_A50_lowconc_rep2,0,0,508,0,2,1131,23,168,0,0,0,0,0,0,270,0,0,9,0,139,546,762,0,161,0,254,0,261,141,0,384,338,0,486,0,0,317,0,149,439,127,0,0,409,0,418,402,702,278,0,1162,1463,0,0,56,382,1362,383,1073,0,317,352,0,14,0,0,0,437,105,141,0,624,263,1,271,151,528,0,0,0,41,0,477,319,0,0,105,0,232,0,1,180,132,201,42,0,51,0,19690
Sample_A5_highconc_rep1,0,1586,3844,2255,277,4707,132,825,310,1258,1629,439,602,4,1,1849,0,19,398,130,1,198,31,163,251,1768,920,793,1305,2331,1218,1187,0,3051,873,2040,2522,1359,525,4707,1878,3912,2744,1959,342,2,2104,925,1222,0,4856,7896,3981,891,215,3395,5852,1479,1371,2148,976,1997,962,23,0,0,43,1401,1562,370,72,1666,923,10,981,194,3466,797,676,1471,855,0,1065,2449,208,37,671,2062,1783,838,17,2555,3294,1035,105,1517,544,0,129305
Sample_A5_highconc_rep2,0,1455,3414,1900,398,5935,109,734,400,1310,754,300,1500,7,1642,1212,0,30,1215,450,2239,736,95,346,647,1476,1319,789,1168,1159,779,1875,0,5887,483,2632,4068,1920,807,3363,839,3370,2324,2339,391,2,1943,2707,1589,0,5347,8952,3181,1470,366,3859,6335,1911,1198,1107,158,3538,1583,50,0,0,255,852,1976,387,52,2629,1278,6,1242,274,4990,162,311,1016,302,0,1244,2874,152,126,996,4613,1035,2527,23,2659,2858,1172,52,3708,433,0,149316
Sample_A5_lowconc_rep1,0,0,509,0,123,285,0,0,120,0,0,0,0,0,94,0,0,0,0,0,0,0,0,38,0,0,488,487,288,0,0,0,0,0,390,0,0,0,0,0,0,570,0,0,0,0,0,0,0,0,0,623,1180,0,0,0,1123,43,0,465,0,0,0,0,0,0,65,0,562,86,0,535,555,0,429,0,0,0,0,0,0,0,203,965,0,0,277,489,572,0,0,505,0,0,0,0,83,0,12152
Sample_A5_lowconc_rep2,0,0,0,199,0,112,0,0,0,0,0,0,0,0,68,0,0,0,0,0,0,0,0,0,0,0,0,0,0,0,0,0,0,0,0,2,0,0,44,0,0,2,0,0,0,0,0,0,0,0,127,195,0,0,0,0,135,130,0,0,0,0,0,0,0,0,10,0,0,0,0,0,0,0,0,18,185,0,0,103,0,0,57,0,0,0,0,0,0,0,0,34,457,0,4,0,44,0,1926
Sample_A80_highconc_rep1,0,2520,0,3489,0,4919,0,1268,0,634,0,168,0,11,0,788,0,24,0,480,0,313,0,557,0,1833,0,534,0,1645,0,1828,0,1,0,1672,0,1643,0,4378,0,2886,0,1861,0,1011,0,2408,0,0,0,5267,0,662,0,4979,0,1940,0,1412,0,3934,0,31,0,0,0,1541,0,415,0,1453,0,21,0,411,0,358,0,771,1,0,1,2760,0,72,0,3851,0,2102,0,2129,0,573,0,1582,0,0,73135
Sample_A80_highconc_rep2,0,1742,5731,2013,256,4472,145,1589,130,483,471,84,729,200,1096,313,0,41,192,626,1,725,54,570,1059,1072,1686,826,546,1439,987,1859,0,583,606,1753,1226,546,921,2182,795,605,1794,2658,1,1,1402,236,3129,0,3543,5783,1052,296,448,2231,4184,701,1086,1205,779,1347,1547,50,0,0,384,1493,1187,936,289,1246,1948,3,989,151,2905,0,727,949,323,0,890,2468,42,38,433,4777,1,1785,23,2185,3728,203,25,1053,116,0,105124
Sample_A80_lowconc_rep1,0,0,0,0,0,719,0,0,0,0,5,0,0,0,25,0,0,0,0,75,554,0,0,120,0,0,0,0,78,369,0,40,0,0,168,0,0,0,0,0,0,0,0,0,0,0,678,0,277,0,396,752,0,102,0,0,323,0,238,0,0,189,0,4,0,0,13,0,434,0,0,0,50,8,0,112,0,0,0,0,0,0,116,0,0,0,0,813,293,0,0,0,0,0,0,0,0,0,6951
Sample_A80_lowconc_rep2,0,769,0,0,0,377,3,0,0,0,83,0,109,0,97,50,0,0,207,0,0,0,0,0,0,0,0,0,0,0,0,162,0,0,0,0,285,0,0,0,271,414,0,0,0,358,0,239,145,0,0,637,49,0,78,0,1622,0,0,0,0,0,0,0,0,0,0,0,0,82,0,0,95,0,0,0,0,0,0,0,0,0,0,206,0,0,0,291,0,0,0,252,0,0,0,500,0,0,7381
Sample_A90_highconc_rep1,0,4123,4876,3320,326,6976,244,1909,410,317,545,342,966,242,1,1540,0,38,1146,815,1,848,66,865,2186,2103,3358,969,1024,2309,1561,2455,0,654,659,1207,1565,3009,1165,5178,1299,3987,3537,1,2,3,3935,914,1502,0,2909,6361,2687,269,70,2314,8173,2199,741,1031,1288,3102,772,33,0,0,345,3192,2167,859,101,1896,2031,16,1063,1,2750,197,1276,1436,583,0,857,5027,246,162,11,6542,1,2724,12,1962,3014,420,126,903,265,0,146632
Sample_A90_highconc_rep2,0,1482,3128,2684,174,2451,91,660,155,243,697,189,482,1,635,1111,0,31,336,367,1384,92,45,92,742,1009,1835,826,210,1859,816,1814,0,957,689,653,1038,904,594,3080,1006,1749,1801,721,53,1,1141,818,1584,0,2074,2689,1002,334,79,1783,3668,1264,386,1022,990,1712,507,56,0,0,367,1072,984,430,49,924,891,20,664,90,3459,123,213,640,306,0,358,2062,117,43,138,3919,494,1839,12,1892,1534,386,11,395,6,0,83434
Sample_A90_lowconc_rep1,0,327,403,0,0,346,0,0,13,0,0,0,0,0,37,0,0,37,0,0,0,0,0,0,0,96,0,0,0,0,0,391,0,0,0,224,420,0,0,0,0,0,0,0,77,0,346,2,0,0,330,666,0,0,0,272,525,127,0,0,0,0,0,0,0,0,0,0,0,0,2,0,129,0,0,0,0,0,0,0,0,0,0,0,0,0,0,843,0,0,0,149,0,169,0,0,0,0,5931
Sample_A90_lowconc_rep2,0,0,0,270,16,287,76,0,80,0,0,0,0,0,18,0,0,2,0,0,0,0,0,0,320,0,253,0,0,92,54,352,0,0,74,221,0,174,0,0,0,318,0,0,0,365,0,0,373,0,695,753,0,0,0,0,1119,378,241,0,0,0,0,0,0,0,26,0,181,49,0,0,32,0,0,71,463,0,0,0,8,0,111,0,0,0,0,0,0,0,0,153,0,0,0,0,0,0,7625
Sample_A95_highconc_rep1,0,2351,7032,2213,488,5421,432,1508,336,594,947,542,1405,3,1186,994,0,21,1437,704,2252,1146,49,429,1312,1026,2304,988,2212,1449,1221,2424,0,548,458,852,2751,657,492,2845,914,2732,3499,2886,199,4,2300,1316,2544,0,3187,10682,3217,807,454,2611,5847,2937,1496,1082,1050,3706,1676,15,0,0,266,1943,1798,392,113,1747,914,29,675,2,5250,0,1010,2844,696,0,1070,3673,518,121,702,5233,1,3058,18,3742,3076,269,23,1608,335,0,149316
Sample_A95_highconc_rep2,0,66,558,231,21,402,4,67,26,42,103,20,36,1,110,61,0,62,60,61,136,60,0,50,74,97,124,128,83,102,38,300,0,53,77,203,225,112,49,298,66,188,290,273,14,111,108,131,65,0,235,535,133,38,10,300,574,172,123,78,133,140,59,3,0,0,30,185,147,36,14,174,90,2,46,42,260,18,38,35,28,0,52,255,29,7,19,516,98,252,0,183,275,17,8,144,9,0,10928
Sample_A95_lowconc_rep1,0,230,236,0,0,93,0,0,0,0,0,0,0,0,20,0,0,0,157,50,0,0,0,0,0,60,0,94,0,0,0,0,0,0,0,131,0,0,0,0,0,0,0,0,0,0,0,0,0,0,0,158,0,0,0,0,213,396,115,86,0,0,0,0,0,0,0,0,0,0,0,0,90,0,0,0,0,0,0,0,75,0,0,0,0,0,0,0,0,0,4,0,0,38,0,0,24,0,2270
Sample_A95_lowconc_rep2,0,335,262,0,0,137,0,0,0,0,0,0,0,0,18,217,0,0,0,0,218,0,0,0,46,93,0,0,0,225,0,0,0,0,0,0,0,0,0,0,0,315,242,0,0,220,0,0,0,0,0,0,0,0,0,0,0,0,109,0,0,0,0,4,0,0,8,0,0,23,0,114,34,0,0,0,0,0,0,0,0,0,40,0,0,0,0,149,0,0,0,0,0,0,6,0,0,0,2815
Sample_A99_highconc_rep1,0,3205,7658,2544,153,5731,332,632,454,0,361,245,840,478,1,1509,0,23,2284,0,1,334,40,479,199,1350,2105,975,678,1467,964,4195,0,0,283,1861,1883,3160,580,4591,2188,2726,1244,4163,205,638,2234,1295,797,0,2625,6944,1668,594,188,1540,10465,2724,1032,132,0,4096,414,7,0,0,161,1545,2058,537,20,1040,1685,57,560,186,3839,0,1115,911,1133,0,596,2012,110,83,0,7688,1,908,15,1252,1487,0,25,0,88,0,128626
Sample_A99_highconc_rep2,0,881,527,124,37,677,28,37,75,36,7,59,53,0,174,80,0,5,80,19,407,32,0,0,218,262,291,142,92,199,41,469,0,0,33,162,404,222,77,213,474,476,536,432,0,146,392,228,221,0,970,1137,342,95,22,421,1217,147,188,0,120,694,180,4,0,0,11,36,166,52,0,140,42,1,48,22,770,43,0,64,32,0,154,323,21,9,0,988,197,120,2,235,481,56,46,106,85,0,18855
Sample_A99_lowconc_rep1,0,0,0,0,0,197,0,145,11,0,0,0,0,0,15,0,0,0,0,0,0,0,0,0,0,0,134,0,0,0,0,0,0,0,0,0,176,0,0,0,0,0,245,0,0,0,0,0,155,0,0,0,0,0,0,0,222,0,0,0,0,204,136,0,0,0,0,0,192,0,15,0,0,0,0,0,0,0,0,0,63,0,0,0,0,0,0,0,108,0,0,53,0,0,4,0,30,0,2105
Sample_A99_lowconc_rep2,0,280,0,0,0,455,0,139,0,0,0,0,0,1,21,89,0,0,0,0,347,0,2,101,0,0,0,0,0,0,60,0,0,0,0,0,0,233,0,0,0,0,0,752,49,0,0,0,0,0,0,0,0,0,0,0,19,0,0,0,0,6,0,0,0,0,0,0,0,48,0,0,65,0,3,63,0,0,0,0,0,0,0,0,0,0,0,0,157,0,1,152,0,0,0,0,0,0,3043
Sample_Control_pos_articvalid,1659,5373,3588,1424,554,1058,1409,377,1015,2114,1976,870,519,85,1107,2424,369,86,1124,333,1,722,57,622,1154,1037,1767,658,1539,2202,1567,1887,757,3666,1091,1746,1727,1600,733,3106,1907,3471,2573,8,2526,17,2577,1947,2058,1302,3017,2598,3641,2229,548,2105,2357,3784,1548,2083,921,3144,1705,20,438,189,93,598,713,249,198,1269,557,42,561,272,2091,1407,916,1295,822,2521,1228,2050,828,2007,1533,2122,5,1432,195,1768,2358,2259,1512,2894,1205,2511,143327
Sample_Ldn_100121_rep1,143,0,0,0,0,888,0,0,0,67,61,0,0,0,56,50,0,0,60,0,0,0,0,0,0,34,0,0,42,0,0,0,0,119,0,0,0,0,12,198,0,442,321,2500,145,405,256,0,0,0,338,219,340,23,11,58,318,157,0,0,0,0,0,0,0,1,4,0,58,0,0,0,0,0,0,0,0,25,0,0,0,310,0,199,0,107,30,185,428,0,0,0,949,262,6,648,71,632,11178
Sample_Ldn_100121_rep2,0,0,348,73,0,331,145,0,0,14,36,8,11,0,128,109,0,23,0,0,212,21,0,0,0,0,0,0,0,0,0,0,0,0,48,0,99,0,0,190,295,62,792,1010,0,0,61,0,0,0,0,0,0,55,0,108,693,11,151,0,13,0,0,0,8,0,0,0,58,0,0,0,3,0,0,0,0,0,0,0,27,227,0,120,0,46,0,383,1,38,0,0,397,237,11,707,48,466,7824
Sample_Ldn_110121_rep1,2179,19515,10803,5019,125,4794,2730,103,67,1267,1419,158,584,8,2891,2826,37,36,1672,76,3097,123,0,82,1205,545,2932,215,1636,1406,394,5158,109,4660,684,1055,2054,1518,238,12125,3496,8758,8549,9,3667,6,2707,532,1338,182,3835,3832,10897,1540,146,4204,21362,6235,2980,1356,1964,9001,1203,0,300,5,12,454,1296,36,7,698,229,2,482,856,7479,608,1031,2127,1546,7420,1969,4076,538,5527,826,7722,28,4871,80,1412,17824,10905,1191,27131,5138,19793,326963
Sample_Ldn_110121_rep2,1781,11352,5619,1804,79,2344,1380,43,23,873,535,129,222,3,1361,1694,24,26,720,36,1,80,1,254,368,191,1156,120,676,800,338,2352,46,3663,303,1020,980,1086,79,6130,1810,3831,4735,1,2351,3,1898,291,1193,157,3308,2194,5209,971,66,1881,9883,2526,1588,525,1181,5388,467,0,105,0,3,131,545,11,2,307,95,1,141,459,3913,333,479,876,770,3371,984,2529,183,2923,488,5259,11,1696,43,589,10423,6598,589,14532,2607,10939,173084
Sample_Ldn_120121_rep1,0,20,0,182,0,0,0,0,0,0,0,0,70,0,77,0,0,0,0,0,135,0,0,0,0,0,0,0,0,0,0,0,2,0,0,211,0,0,9,0,0,0,364,1703,0,0,0,0,0,0,0,0,1048,0,0,120,312,0,82,0,0,0,0,0,24,0,0,0,71,0,0,0,0,0,48,0,651,0,173,0,0,0,0,165,0,0,0,399,328,113,0,21,0,304,19,486,130,684,7951
Sample_Ldn_120121_rep2,53,0,93,0,1,0,0,0,0,0,0,0,12,0,21,28,3,31,0,0,0,0,0,0,0,0,0,0,0,0,0,0,0,13,0,0,0,0,0,0,10,39,0,77,0,0,0,0,0,0,0,0,0,0,0,0,0,0,17,0,0,0,0,0,0,0,0,6,6,1,0,0,0,0,0,0,0,0,0,0,0,0,0,42,2,14,0,31,0,0,0,5,305,32,0,133,5,69,1049
Sample_Ldn_130121_rep1,521,2031,1625,0,12,1098,266,0,0,95,87,79,61,2,991,334,6,4,0,34,251,0,0,0,0,22,169,0,116,293,106,0,3,366,0,178,239,0,20,3156,852,1130,2604,7464,246,405,745,283,353,0,0,903,1481,124,6,733,5853,0,704,243,0,1439,184,1,127,3,6,92,111,10,0,159,66,0,0,0,224,0,0,266,278,1008,20,561,0,422,313,1347,687,0,1,0,1074,1071,60,4632,435,5184,56075
Sample_Ldn_130121_rep2,0,528,531,45,13,205,293,41,0,51,168,0,202,0,176,0,3,4,183,0,18,0,0,0,108,47,97,35,82,188,0,0,26,477,0,133,0,0,25,493,0,241,1052,3634,174,0,567,0,173,0,0,0,955,243,26,0,1732,218,261,78,155,281,0,0,16,10,2,81,0,16,0,0,0,0,0,0,821,0,0,0,220,0,14,82,0,381,118,1293,803,315,0,56,828,639,6,2141,263,3080,25147
Sample_Ldn_140121_rep1,0,681,214,193,43,63,0,52,21,119,0,51,0,0,33,175,0,3,72,45,1,118,9,115,0,58,0,29,81,170,42,153,9,229,137,3,581,322,33,1837,297,519,0,997,105,0,196,102,164,0,1227,0,439,78,45,722,1861,832,180,217,318,451,60,0,141,18,22,250,92,55,9,190,0,5,69,78,0,33,172,0,0,171,87,0,66,89,0,268,443,455,11,80,699,782,52,1009,252,505,20605
Sample_Ldn_140121_rep2,177,405,1187,332,30,326,0,0,17,0,171,0,41,3,48,409,6,5,164,0,297,454,0,392,159,48,0,320,117,247,0,345,0,1183,0,177,472,749,52,989,704,363,714,1999,140,0,222,188,509,241,300,312,0,139,0,0,1077,341,407,101,410,309,0,0,0,0,25,351,115,10,9,299,79,1,0,132,969,143,800,0,228,0,0,272,0,107,393,393,447,425,5,105,1809,592,30,1677,277,1185,28676
Total,6513,110944,118560,73092,6633,108869,10492,23165,6594,22150,26754,8605,17191,2023,27489,29621,448,858,26290,10428,18868,17712,819,12744,27523,32592,50351,19839,25594,42114,21161,58848,952,59957,22715,43680,51090,43597,14867,104499,38306,86329,74601,56565,13868,7041,63455,39058,38447,1882,98568,159166,90102,21528,5561,67818,174995,69739,35283,31309,26374,102210,30446,606,1159,226,4638,36172,40396,12358,2438,52390,28787,467,18956,6629,89928,11502,22033,29734,14855,15028,27505,79290,5286,14332,16222,124260,8814,60268,696,54727,99052,36804,5128,96822,16667,45048,
total admissible contributing,801879,3718115,3644980,3718115,3644980,3718115,3644980,3718115,3644980,3718115,3644980,3718115,3644980,3718115,3644980,3718115,801879,3718115,3644980,3718115,3644980,3718115,3644980,3718115,3644980,3718115,3644980,3718115,3644980,3718115,3644980,3718115,801879,3718115,3644980,3718115,3644980,3718115,3644980,3718115,3644980,3718115,3644980,3718115,3644980,3718115,3644980,3718115,3644980,801879,3644980,3718115,3644980,3718115,3644980,3718115,3644980,3718115,3644980,3718115,3644980,3718115,3644980,3718115,801879,801879,3644980,3718115,3644980,3718115,3644980,3718115,3644980,3718115,3644980,3718115,3644980,3718115,3644980,3718115,3644980,801879,3644980,3718115,3644980,3718115,3644980,3718115,3644980,3718115,3644980,3718115,3644980,3718115,3644980,3718115,3644980,801879,
proportion (est.) (formula),0.8122173046,2.983877583,3.252692745,1.965834838,0.1819763071,2.928069734,0.2878479443,0.6230307562,0.1809063424,0.5957319771,0.733995797,0.2314344769,0.471634961,0.05440929073,0.7541605167,0.7966671284,0.05586877821,0.02307620932,0.7212659603,0.2804646978,0.5176434439,0.4763704189,0.02246925909,0.3427543258,0.7550933064,0.8765732098,1.381379322,0.5335768259,0.7021712053,1.132670722,0.5805518823,1.582737489,0.1187211537,1.612564431,0.6231858611,1.174788838,1.401653781,1.172556524,0.4078760377,2.81053706,1.050924834,2.321848571,2.046677897,1.521335408,0.3804684799,0.1893701513,1.740887467,1.050478535,1.054793168,0.2346987513,2.704212369,4.280825096,2.47194772,0.5790030701,0.1525659949,1.823988769,4.800986562,1.875654734,0.9679888504,0.8420664772,0.7235704997,2.748973606,0.8352857903,0.0162985814,0.1445355222,0.02818380329,0.1272434965,0.9728585587,1.108263969,0.3323727211,0.06688651241,1.409047326,0.7897711373,0.01256012791,0.5200577232,0.1782892675,2.467174031,0.3093503025,0.604475196,0.7997063028,0.4075468178,1.874098212,0.7545994765,2.132532211,0.1450213719,0.3854641398,0.445050453,3.342016048,0.2418120264,1.620928885,0.01909475498,1.471901757,2.717490905,0.9898564192,0.140686643,2.604061467,0.4572590247,5.61780518,
proportion (est.) (values),0.8122173046,2.983877583,3.252692745,1.965834838,0.1819763071,2.928069734,0.2878479443,0.6230307562,0.1809063424,0.5957319771,0.733995797,0.2314344769,0.471634961,0.05440929073,0.7541605167,0.7966671284,0.05586877821,0.02307620932,0.7212659603,0.2804646978,0.5176434439,0.4763704189,0.02246925909,0.3427543258,0.7550933064,0.8765732098,1.381379322,0.5335768259,0.7021712053,1.132670722,0.5805518823,1.582737489,0.1187211537,1.612564431,0.6231858611,1.174788838,1.401653781,1.172556524,0.4078760377,2.81053706,1.050924834,2.321848571,2.046677897,1.521335408,0.3804684799,0.1893701513,1.740887467,1.050478535,1.054793168,0.2346987513,2.704212369,4.280825096,2.47194772,0.5790030701,0.1525659949,1.823988769,4.800986562,1.875654734,0.9679888504,0.8420664772,0.7235704997,2.748973606,0.8352857903,0.0162985814,0.1445355222,0.02818380329,0.1272434965,0.9728585587,1.108263969,0.3323727211,0.06688651241,1.409047326,0.7897711373,0.01256012791,0.5200577232,0.1782892675,2.467174031,0.3093503025,0.604475196,0.7997063028,0.4075468178,1.874098212,0.7545994765,2.132532211,0.1450213719,0.3854641398,0.445050453,3.342016048,0.2418120264,1.620928885,0.01909475498,1.471901757,2.717490905,0.9898564192,0.140686643,2.604061467,0.4572590247,5.61780518,
proportion (normalized) (formula),0.007533512541,0.02767618846,0.0301695143,0.01823359503,0.001687874396,0.02715855712,0.002669859514,0.005778761409,0.001677950213,0.00552555861,0.006807989082,0.002146610918,0.00437452868,0.000504659371,0.006995021749,0.007389280884,0.0005181964714,0.0002140374396,0.006689916758,0.002601378112,0.00480126852,0.004418451201,0.000208407829,0.003179129523,0.0070036736,0.008130429175,0.01281262833,0.004949054504,0.006512808274,0.01050579572,0.005384759548,0.01468027418,0.001101167502,0.0149569263,0.005780200044,0.01089645147,0.01300067886,0.01087574622,0.003783149199,0.02606841306,0.009747582782,0.02153570877,0.01898343401,0.01411075498,0.003528937452,0.001756454094,0.01614715359,0.009743443259,0.009783462519,0.002176887855,0.02508222575,0.03970569127,0.02292791479,0.005370393939,0.001415086614,0.01691793832,0.04453031507,0.01739715268,0.008978331418,0.007810370859,0.00671129192,0.02549739709,0.007747478343,0.0001511732965,0.001340602032,0.0002614116128,0.001180214299,0.009023499144,0.01027941717,0.003082837621,0.000620388629,0.01306925578,0.007325318894,0.0001164982334,0.004823661547,0.001653676209,0.02288363767,0.002869299103,0.005606654087,0.007417469964,0.003780095605,0.01738271556,0.006999093208,0.0197797536,0.001345108406,0.003575273409,0.004127950919,0.03099800961,0.002242865208,0.01503450864,0.0001771084847,0.01365224587,0.0252053874,0.009181158424,0.001304902744,0.02415330184,0.004241188384,0.05210650591,
proportion (normalized) (values),0.007533512541,0.02767618846,0.0301695143,0.01823359503,0.001687874396,0.02715855712,0.002669859514,0.005778761409,0.001677950213,0.00552555861,0.006807989082,0.002146610918,0.00437452868,0.000504659371,0.006995021749,0.007389280884,0.0005181964714,0.0002140374396,0.006689916758,0.002601378112,0.00480126852,0.004418451201,0.000208407829,0.003179129523,0.0070036736,0.008130429175,0.01281262833,0.004949054504,0.006512808274,0.01050579572,0.005384759548,0.01468027418,0.001101167502,0.0149569263,0.005780200044,0.01089645147,0.01300067886,0.01087574622,0.003783149199,0.02606841306,0.009747582782,0.02153570877,0.01898343401,0.01411075498,0.003528937452,0.001756454094,0.01614715359,0.009743443259,0.009783462519,0.002176887855,0.02508222575,0.03970569127,0.02292791479,0.005370393939,0.001415086614,0.01691793832,0.04453031507,0.01739715268,0.008978331418,0.007810370859,0.00671129192,0.02549739709,0.007747478343,0.0001511732965,0.001340602032,0.0002614116128,0.001180214299,0.009023499144,0.01027941717,0.003082837621,0.000620388629,0.01306925578,0.007325318894,0.0001164982334,0.004823661547,0.001653676209,0.02288363767,0.002869299103,0.005606654087,0.007417469964,0.003780095605,0.01738271556,0.006999093208,0.0197797536,0.001345108406,0.003575273409,0.004127950919,0.03099800961,0.002242865208,0.01503450864,0.0001771084847,0.01365224587,0.0252053874,0.009181158424,0.001304902744,0.02415330184,0.004241188384,0.05210650591,
,,,,,,,,,,,,,,,,,,,,,,,,,,,,,,,,,,,,,,,,,,,,,,,,,,,,,,,,,,,,,,,,,,,,,,,,,,,,,,,,,,,,,,,,,,,,,,,,,,,
,1.883378135,6.919047115,7.542378574,4.558398758,0.4219685989,6.789639281,0.6674648786,1.444690352,0.4194875533,1.381389653,1.70199727,0.5366527296,1.09363217,0.1261648428,1.748755437,1.847320221,0.1295491179,0.0535093599,1.67247919,0.650344528,1.20031713,1.1046128,0.05210195726,0.7947823807,1.7509184,2.032607294,3.203157082,1.237263626,1.628202068,2.626448931,1.346189887,3.670068545,0.2752918755,3.739231575,1.445050011,2.724112868,3.250169715,2.718936554,0.9457872998,6.517103264,2.436895696,5.383927192,4.745858502,3.527688745,0.8822343629,0.4391135234,4.036788398,2.435860815,2.44586563,0.5442219639,6.270556438,9.926422819,5.731978697,1.342598485,0.3537716536,4.22948458,11.13257877,4.34928817,2.244582855,1.952592715,1.67782298,6.374349272,1.936869586,0.03779332413,0.335150508,0.06535290321,0.2950535748,2.255874786,2.569854292,0.7707094052,0.1550971573,3.267313946,1.831329724,0.02912455836,1.205915387,0.4134190522,5.720909417,0.7173247758,1.401663522,1.854367491,0.9450239012,4.345678891,1.749773302,4.944938399,0.3362771014,0.8938183521,1.03198773,7.749502403,0.5607163019,3.758627159,0.04427712119,3.413061468,6.30134685,2.295289606,0.326225686,6.03832546,1.060297096,13.02662648,
,1.883378135,6.919047115,7.542378574,4.558398758,0.4219685989,6.789639281,0.6674648786,1.444690352,0.4194875533,1.381389653,1.70199727,0.5366527296,1.09363217,0.1261648428,1.748755437,1.847320221,0.1295491179,0.0535093599,1.67247919,0.650344528,1.20031713,1.1046128,0.05210195726,0.7947823807,1.7509184,2.032607294,3.203157082,1.237263626,1.628202068,2.626448931,1.346189887,3.670068545,0.2752918755,3.739231575,1.445050011,2.724112868,3.250169715,2.718936554,0.9457872998,6.517103264,2.436895696,5.383927192,4.745858502,3.527688745,0.8822343629,0.4391135234,4.036788398,2.435860815,2.44586563,0.5442219639,6.270556438,9.926422819,5.731978697,1.342598485,0.3537716536,4.22948458,11.13257877,4.34928817,2.244582855,1.952592715,1.67782298,6.374349272,1.936869586,0.03779332413,0.335150508,0.06535290321,0.2950535748,2.255874786,2.569854292,0.7707094052,0.1550971573,3.267313946,1.831329724,0.02912455836,1.205915387,0.4134190522,5.720909417,0.7173247758,1.401663522,1.854367491,0.9450239012,4.345678891,1.749773302,4.944938399,0.3362771014,0.8938183521,1.03198773,7.749502403,0.5607163019,3.758627159,0.04427712119,3.413061468,6.30134685,2.295289606,0.326225686,6.03832546,1.060297096,13.02662648,
,,,,,,,,,,,,,,,,,,,,,,,,,,,,,,,,,,,,,,,,,,,,,,,,,,,,,,,,,,,,,,,,,,,,,,,,,,,,,,,,,,,,,,,,,,,,,,,,,,,
,,,,,,,,,,,,,,,,,,,,,,,,,,,,,,,,,,,,,,,,,,,,,,,250,,,,,,,,,,,,,,,,,,,,,,,,,,,,,,,,,,,,,,,,,,,,,,,,,,,,