,1,2,3,4,5,6,7,8,9,10,11,12,13,14,15,16,17,18,19,20,21,22,23,24,25,26,27,28,29,30,31,32,33,34,35,36,37,38,39,40,41,42,43,44,45,46,47,48,49,50,51,52,53,54,55,56,57,58,59,60,61,62,63,64,65,66,67,68,69,70,71,72,73,74,75,76,77,78,79,80,81,82,83,84,85,86,87,88,89,90,91,92,93,94,95,96,97,98,99,100,101,102,103,104,105,106,107,108,109,110,111,112,113,114,115,116,117,118,119,120,121,122,123,124,125,126,127,128,129,130,131,132,133,134,135,136,137,138,139,140,141,142,143,144,145,146,147,148,149,150,151,152,153,154,total reads,order_number,admissable
Amplicon_number,1.00,2.00,3.00,4.00,5.00,6.00,7.00,8.00,9.00,10.00,11.00,12.00,13.00,14.00,15.00,16.00,17.00,18.00,19.00,20.00,21.00,22.00,23.00,24.00,25.00,26.00,27.00,28.00,29.00,30.00,31.00,32.00,33.00,34.00,35.00,36.00,37.00,38.00,39.00,40.00,41.00,42.00,43.00,44.00,45.00,46.00,47.00,48.00,49.00,50.00,51.00,52.00,53.00,54.00,55.00,56.00,57.00,58.00,59.00,60.00,61.00,62.00,63.00,64.00,65.00,66.00,67.00,68.00,69.00,70.00,71.00,72.00,73.00,74.00,75.00,76.00,77.00,78.00,79.00,80.00,81.00,82.00,83.00,84.00,85.00,86.00,87.00,88.00,89.00,90.00,91.00,92.00,93.00,94.00,95.00,96.00,97.00,98.00,99.00,100.00,101.00,102.00,103.00,104.00,105.00,106.00,107.00,108.00,109.00,110.00,111.00,112.00,113.00,114.00,115.00,116.00,117.00,118.00,119.00,120.00,121.00,122.00,123.00,124.00,125.00,126.00,127.00,128.00,129.00,130.00,131.00,132.00,133.00,134.00,135.00,136.00,137.00,138.00,139.00,140.00,141.00,142.00,143.00,144.00,145.00,146.00,147.00,148.00,149.00,150.00,151.00,152.00,153.00,154.00,,,
"3_A100_highconc_rep2_N-3_A100_highconc_rep2_N_AACTTAATAC-AGAGATGAAT_L001
",20.90,0.00,0.00,0.00,324.80,0.00,0.00,0.00,0.00,165.60,0.00,0.00,0.00,0.00,0.00,0.00,0.00,0.00,0.00,0.00,0.00,0.00,0.00,0.00,633.00,610.40,626.40,0.00,0.00,0.00,0.00,0.00,0.00,0.00,0.00,0.00,0.00,0.00,461.70,0.00,0.00,44.00,0.00,0.00,0.00,0.00,0.00,0.00,0.00,0.00,0.00,0.00,0.00,0.00,0.00,0.00,0.00,0.00,0.00,0.00,0.00,0.00,145.80,0.00,0.00,0.00,0.00,0.00,0.00,0.00,0.00,0.00,0.00,213.00,228.80,0.00,0.00,0.00,0.00,0.00,0.00,315.20,0.00,0.00,0.00,0.00,0.00,0.00,0.00,0.00,0.00,0.00,90.40,0.00,0.00,0.00,0.00,0.00,0.00,0.00,0.00,0.00,0.00,0.00,0.00,0.00,0.00,0.00,0.00,0.00,297.60,291.60,0.00,"2,182.40",0.00,0.00,0.00,0.00,0.00,0.00,0.00,0.00,0.00,0.00,0.00,0.00,0.00,0.00,0.00,0.00,0.00,0.00,0.00,0.00,0.00,0.00,0.00,444.60,0.00,0.00,172.20,221.40,70.20,317.20,389.30,105.50,0.00,0.00,0.00,0.00,0.00,0.00,0.00,0.00,8372,2,1
"3_A99_highconc_rep1_N-3_A99_highconc_rep1_N_GATGCTACGA-TTCTCTCCAG_L001
",0.00,0.00,0.00,0.00,232.00,0.00,0.00,0.00,530.40,476.10,0.00,0.00,0.00,0.00,0.00,0.00,0.00,0.00,0.00,0.00,"1,374.00","1,190.00",0.00,0.00,0.00,0.00,0.00,0.00,0.00,0.00,334.60,0.00,0.00,0.00,0.00,0.00,0.00,0.00,899.10,161.60,0.00,0.00,0.00,644.80,828.00,0.00,62.70,0.00,334.40,0.00,0.00,0.00,0.00,0.00,0.00,0.00,0.00,0.00,0.00,0.00,0.00,0.00,0.00,"1,293.20",0.00,0.00,0.00,0.00,0.00,97.20,0.00,0.00,0.00,234.30,145.60,0.00,0.00,48.00,24.10,0.00,0.00,"1,201.70","1,209.50",0.00,0.00,0.00,0.00,0.00,0.00,146.40,0.00,0.00,"1,084.80",963.30,0.00,0.00,0.00,0.00,0.00,0.00,0.00,0.00,0.00,0.00,0.00,0.00,0.00,0.00,0.00,0.00,988.80,"1,652.40",0.00,"3,645.60",0.00,0.00,0.00,0.00,0.00,0.00,0.00,0.00,0.00,0.00,0.00,0.00,0.00,0.00,0.00,0.00,0.00,639.60,0.00,0.00,0.00,0.00,496.00,617.50,0.00,441.00,0.00,123.00,210.60,463.60,916.00,"1,097.20",492.80,0.00,0.00,0.00,0.00,0.00,716.30,658.80,26675,3,1
"3_A99_highconc_rep2_N-3_A99_highconc_rep2_N_GATAGTACTA-AGAGGCCGGC_L001
",0.00,0.00,0.00,0.00,255.20,0.00,0.00,0.00,353.60,0.00,0.00,0.00,0.00,0.00,0.00,0.00,0.00,0.00,0.00,0.00,0.00,0.00,0.00,0.00,717.40,0.00,691.20,0.00,0.00,0.00,0.00,262.80,0.00,0.00,0.00,0.00,0.00,0.00,170.10,0.00,0.00,0.00,0.00,0.00,0.00,247.00,0.00,0.00,0.00,0.00,0.00,0.00,0.00,0.00,0.00,0.00,0.00,0.00,0.00,0.00,0.00,192.80,486.00,512.40,0.00,0.00,0.00,0.00,0.00,48.60,0.00,0.00,0.00,0.00,0.00,22.30,0.00,0.00,0.00,0.00,0.00,512.20,0.00,0.00,0.00,0.00,0.00,0.00,0.00,0.00,0.00,0.00,"1,084.80","1,062.10",333.20,425.00,0.00,0.00,0.00,0.00,0.00,0.00,0.00,0.00,0.00,0.00,0.00,0.00,0.00,0.00,"1,315.20","1,385.10",0.00,0.00,0.00,0.00,0.00,0.00,0.00,0.00,0.00,0.00,0.00,376.20,0.00,0.00,0.00,0.00,355.50,0.00,0.00,0.00,0.00,0.00,0.00,0.00,0.00,0.00,0.00,147.00,221.40,0.00,0.00,73.20,435.10,527.50,112.00,0.00,0.00,0.00,100.00,0.00,0.00,317.20,12742.1,4,1
"3_A95_highconc_rep1_N-3_A95_highconc_rep1_N_TATAGGCCAA-CAAGCTCAGG_L001
",0.00,0.00,0.00,0.00,580.00,284.70,0.00,0.00,663.00,434.70,0.00,0.00,0.00,0.00,0.00,0.00,0.00,0.00,229.00,0.00,938.90,"1,023.40",0.00,0.00,0.00,0.00,0.00,0.00,0.00,0.00,0.00,0.00,0.00,0.00,0.00,0.00,0.00,0.00,0.00,242.40,139.80,0.00,0.00,"1,040.00","1,426.00",568.10,188.10,0.00,292.60,0.00,0.00,0.00,0.00,0.00,0.00,0.00,0.00,270.60,0.00,0.00,0.00,0.00,0.00,634.40,0.00,463.60,0.00,0.00,0.00,0.00,0.00,18.90,94.80,383.40,332.80,0.00,0.00,48.00,72.30,0.00,820.80,"1,260.80","1,148.00",0.00,406.30,0.00,0.00,0.00,0.00,0.00,0.00,0.00,768.40,0.00,357.00,0.00,0.00,0.00,686.00,133.00,0.00,0.00,0.00,0.00,0.00,0.00,0.00,0.00,0.00,0.00,662.40,"1,603.80",0.00,"2,728.00",0.00,0.00,0.00,0.00,0.00,0.00,0.00,0.00,0.00,0.00,0.00,0.00,0.00,0.00,0.00,0.00,0.00,0.00,0.00,0.00,0.00,0.00,0.00,0.00,0.00,0.00,0.00,0.00,187.20,536.80,"1,007.60","1,287.10",604.80,0.00,0.00,117.50,0.00,0.00,963.30,756.40,26404.7,5,1
"3_A95_highconc_rep2_N-3_A95_highconc_rep2_N_GAATAGACGC-CGCTTCAATT_L001
",0.00,0.00,0.00,0.00,371.20,0.00,0.00,0.00,0.00,0.00,0.00,0.00,0.00,0.00,0.00,0.00,0.00,0.00,0.00,0.00,458.00,0.00,0.00,0.00,633.00,0.00,604.80,0.00,0.00,0.00,334.60,328.50,0.00,0.00,0.00,0.00,0.00,0.00,583.20,101.00,93.20,0.00,0.00,0.00,782.00,0.00,0.00,0.00,250.80,0.00,0.00,0.00,0.00,0.00,0.00,0.00,0.00,0.00,0.00,0.00,0.00,0.00,0.00,561.20,0.00,0.00,0.00,0.00,0.00,145.80,0.00,0.00,0.00,191.70,0.00,0.00,0.00,0.00,24.10,452.20,475.20,"1,004.70","1,004.50",0.00,0.00,0.00,0.00,0.00,0.00,0.00,0.00,0.00,"1,130.00","1,037.40",499.80,675.00,0.00,0.00,0.00,0.00,0.00,0.00,0.00,0.00,0.00,0.00,0.00,0.00,0.00,0.00,547.20,0.00,0.00,0.00,0.00,148.00,0.00,0.00,0.00,0.00,0.00,0.00,0.00,0.00,0.00,0.00,0.00,0.00,0.00,0.00,0.00,0.00,0.00,0.00,0.00,0.00,0.00,0.00,0.00,171.50,246.00,270.60,0.00,317.20,664.10,780.70,403.20,0.00,50.00,70.50,0.00,0.00,0.00,0.00,15410.9,6,1
"3_A90_highconc_rep1_N-3_A90_highconc_rep1_N_ACGTCGATTC-ATAGGTCCAA_L001
",0.00,0.00,0.00,0.00,0.00,0.00,0.00,0.00,486.20,351.90,0.00,0.00,0.00,0.00,0.00,0.00,0.00,0.00,0.00,0.00,458.00,0.00,0.00,0.00,0.00,0.00,0.00,0.00,0.00,0.00,0.00,0.00,0.00,0.00,0.00,0.00,0.00,0.00,0.00,141.40,46.60,110.00,140.40,249.60,759.00,568.10,0.00,0.00,0.00,0.00,0.00,0.00,0.00,209.70,0.00,0.00,0.00,0.00,0.00,0.00,0.00,0.00,0.00,0.00,0.00,0.00,0.00,0.00,0.00,0.00,0.00,0.00,0.00,213.00,228.80,22.30,0.00,0.00,0.00,0.00,0.00,0.00,0.00,0.00,0.00,0.00,0.00,0.00,0.00,0.00,0.00,360.00,"1,130.00",0.00,0.00,0.00,0.00,0.00,0.00,0.00,0.00,0.00,0.00,0.00,0.00,0.00,0.00,0.00,0.00,0.00,441.60,437.40,0.00,"1,339.20",0.00,0.00,0.00,0.00,0.00,0.00,0.00,0.00,0.00,0.00,0.00,0.00,0.00,0.00,0.00,0.00,0.00,0.00,0.00,0.00,0.00,0.00,0.00,0.00,0.00,0.00,73.80,98.40,0.00,195.20,435.10,295.40,0.00,0.00,0.00,0.00,0.00,0.00,395.20,317.20,9503.5,7,1
"3_A90_highconc_rep2_N-3_A90_highconc_rep2_N_ATCCAAGTTG-CGTACCAACG_L001
",0.00,0.00,0.00,0.00,394.40,0.00,0.00,0.00,0.00,703.80,0.00,0.00,0.00,0.00,0.00,0.00,0.00,0.00,0.00,0.00,0.00,0.00,0.00,0.00,0.00,0.00,0.00,0.00,0.00,0.00,0.00,0.00,0.00,0.00,0.00,0.00,0.00,537.50,0.00,0.00,163.10,0.00,234.00,395.20,"1,242.00","1,012.70",0.00,0.00,564.30,419.40,0.00,0.00,0.00,0.00,0.00,0.00,0.00,516.60,0.00,0.00,297.60,0.00,0.00,366.00,0.00,0.00,0.00,0.00,0.00,267.30,0.00,18.90,0.00,0.00,0.00,0.00,0.00,0.00,48.20,0.00,0.00,945.60,799.50,0.00,0.00,0.00,0.00,0.00,0.00,0.00,273.00,384.00,"1,740.20","1,630.20",690.20,"1,975.00",0.00,0.00,0.00,0.00,0.00,0.00,0.00,0.00,0.00,0.00,0.00,0.00,0.00,0.00,"1,401.60","2,818.80","1,598.40","2,455.20",0.00,0.00,280.00,0.00,0.00,0.00,0.00,0.00,0.00,0.00,0.00,0.00,0.00,0.00,0.00,0.00,0.00,0.00,0.00,0.00,0.00,0.00,0.00,0.00,0.00,220.50,123.00,196.80,0.00,"1,049.20","1,282.40",970.60,582.40,69.30,100.00,141.00,0.00,0.00,0.00,0.00,28907.9,8,1
"3_A80_highconc_rep1_N-3_A80_highconc_rep1_N_TGCCTTCCTA-TGCTGCCGGA_L001
",0.00,0.00,0.00,0.00,394.40,0.00,0.00,0.00,"1,480.70",910.80,0.00,0.00,0.00,0.00,0.00,0.00,0.00,236.50,0.00,0.00,0.00,0.00,0.00,0.00,0.00,0.00,907.20,0.00,0.00,0.00,0.00,722.70,0.00,0.00,0.00,0.00,0.00,752.50,899.10,303.00,0.00,0.00,0.00,582.40,989.00,592.80,188.10,299.00,564.30,0.00,0.00,0.00,0.00,0.00,716.10,0.00,0.00,0.00,0.00,0.00,0.00,385.60,0.00,"1,293.20",326.20,0.00,0.00,0.00,0.00,0.00,154.00,94.50,0.00,404.70,416.00,89.20,0.00,48.00,144.60,0.00,0.00,"1,339.60","1,168.50",629.20,0.00,0.00,0.00,0.00,0.00,0.00,0.00,0.00,"1,446.40","1,383.20",690.20,"1,150.00",0.00,590.00,0.00,0.00,0.00,0.00,0.00,0.00,0.00,0.00,0.00,0.00,0.00,0.00,0.00,"3,013.20","3,130.20","2,083.20",0.00,0.00,0.00,0.00,0.00,0.00,0.00,0.00,0.00,0.00,0.00,0.00,0.00,206.00,0.00,0.00,0.00,0.00,0.00,0.00,0.00,0.00,0.00,0.00,0.00,0.00,0.00,73.80,0.00,"1,732.40","2,656.40","1,835.70",672.00,184.80,25.00,0.00,550.00,556.60,839.80,780.80,40631.6,9,1
"3_A80_highconc_rep2_N-3_A80_highconc_rep2_N_TTACCGTTCA-GTCCGTAGAT_L001
",0.00,0.00,0.00,0.00,440.80,0.00,0.00,0.00,994.50,807.30,201.00,0.00,0.00,0.00,0.00,0.00,0.00,0.00,160.30,0.00,"1,259.50","1,142.40",0.00,0.00,0.00,0.00,0.00,0.00,0.00,0.00,0.00,394.20,0.00,0.00,0.00,0.00,0.00,0.00,0.00,121.20,0.00,0.00,280.80,0.00,"2,852.00",765.70,334.40,529.00,836.00,0.00,0.00,0.00,0.00,559.20,0.00,0.00,0.00,0.00,0.00,0.00,0.00,506.10,"1,603.80","1,854.40",0.00,707.60,690.20,0.00,0.00,315.90,330.00,0.00,23.70,0.00,0.00,0.00,49.80,72.00,96.40,833.00,0.00,"1,595.70","1,291.50",0.00,0.00,0.00,0.00,0.00,0.00,0.00,0.00,624.00,"1,604.60",0.00,595.00,"3,375.00","2,444.20","1,109.20","1,078.00",0.00,0.00,0.00,0.00,0.00,0.00,0.00,0.00,0.00,0.00,0.00,345.60,"1,579.50","1,420.80",0.00,0.00,166.50,0.00,0.00,0.00,0.00,0.00,0.00,0.00,0.00,0.00,0.00,0.00,0.00,0.00,0.00,0.00,0.00,"1,649.10",0.00,0.00,0.00,0.00,0.00,0.00,196.00,344.40,0.00,257.40,536.80,"1,374.00","2,025.60",940.80,0.00,125.00,0.00,500.00,677.60,"1,679.60","1,195.60",47492.7,10,1
"3_A50_highconc_rep1_N-3_A50_highconc_rep1_N_AAGTTGACGA-TACGGATCGT_L001
",83.60,0.00,0.00,694.40,"1,206.40",0.00,0.00,0.00,0.00,0.00,361.80,0.00,0.00,0.00,0.00,0.00,62.10,150.50,320.60,"1,076.40","3,503.70","3,117.80",0.00,0.00,0.00,"1,962.00","1,965.60",0.00,0.00,0.00,"1,673.00","1,773.90",457.90,0.00,0.00,880.60,"1,310.40",0.00,"1,190.70",727.20,349.50,770.00,772.20,"2,579.20","4,577.00","2,371.20",355.30,690.00,"1,295.80",0.00,0.00,0.00,0.00,0.00,"1,686.30",0.00,0.00,"1,254.60",0.00,0.00,"1,190.40",0.00,"3,280.50","3,611.20",745.60,561.20,487.20,0.00,0.00,291.60,286.00,0.00,237.00,"1,278.00","1,227.20",178.40,0.00,48.00,120.50,0.00,0.00,"1,359.30","1,189.00",508.20,621.40,0.00,0.00,0.00,0.00,0.00,462.00,0.00,"1,062.20",0.00,"1,023.40","4,925.00","4,138.20",991.20,0.00,304.00,0.00,0.00,0.00,"1,204.20","1,512.80",0.00,0.00,0.00,0.00,0.00,"2,140.80","6,245.10","4,528.80","8,605.60",138.00,0.00,760.00,697.20,0.00,0.00,0.00,0.00,0.00,0.00,0.00,0.00,0.00,556.20,0.00,0.00,"1,776.00","2,927.40","1,362.30",0.00,0.00,0.00,0.00,0.00,0.00,490.00,"1,968.00","2,017.20",0.00,"2,244.80","3,572.40","2,384.30",761.60,254.10,225.00,0.00,625.00,0.00,988.00,707.60,118038.8,11,1
"3_A50_highconc_rep2_N-3_A50_highconc_rep2_N_GGATGCGCTG-ACCTCCTGAA_L001
",83.60,0.00,203.50,0.00,0.00,0.00,0.00,0.00,"1,326.00",724.50,241.20,0.00,0.00,0.00,0.00,0.00,62.10,0.00,229.00,0.00,0.00,"2,070.60",0.00,0.00,"1,856.80","1,809.40","1,814.40",0.00,0.00,0.00,0.00,0.00,0.00,0.00,0.00,999.60,"1,263.60","1,075.00","1,190.70",888.80,0.00,594.00,585.00,"2,808.00","4,370.00","1,901.90",313.50,0.00,836.00,0.00,0.00,0.00,0.00,0.00,"1,686.30",0.00,772.20,0.00,0.00,0.00,719.20,337.40,"2,624.40","3,342.80","1,281.50",0.00,0.00,0.00,340.80,729.00,704.00,94.50,142.20,915.90,0.00,0.00,24.90,0.00,168.70,0.00,"1,252.80","1,359.30","1,312.00",580.80,0.00,0.00,563.50,0.00,0.00,317.20,357.00,0.00,"2,847.60","2,494.70",880.60,"2,625.00","2,081.20","1,085.60","1,176.00",0.00,0.00,0.00,0.00,579.80,967.20,0.00,0.00,536.80,0.00,0.00,"2,476.80","6,026.40","3,818.40","9,076.80",0.00,351.50,680.00,0.00,0.00,0.00,0.00,0.00,0.00,438.90,0.00,0.00,0.00,0.00,0.00,45.60,0.00,"2,091.00",0.00,0.00,0.00,0.00,0.00,889.20,0.00,441.00,"1,820.40","1,869.60",468.00,"3,147.60","4,786.10","3,249.40","1,052.80",207.90,0.00,0.00,0.00,919.60,"1,309.10",0.00,107314.2,12,1
"3_A20_highconc_rep1_N-3_A20_highconc_rep1_N_ATTCCGCCTC-CGGCGCCAGG_L001
",0.00,0.00,0.00,0.00,0.00,0.00,0.00,0.00,0.00,0.00,0.00,0.00,0.00,0.00,0.00,0.00,0.00,0.00,0.00,0.00,0.00,0.00,0.00,0.00,0.00,0.00,0.00,0.00,0.00,0.00,0.00,0.00,0.00,0.00,0.00,0.00,0.00,0.00,0.00,0.00,0.00,0.00,70.20,0.00,161.00,0.00,0.00,0.00,0.00,0.00,0.00,0.00,0.00,0.00,0.00,0.00,0.00,0.00,0.00,0.00,0.00,0.00,364.50,341.60,0.00,0.00,0.00,0.00,0.00,24.30,0.00,0.00,0.00,106.50,0.00,0.00,0.00,0.00,0.00,0.00,0.00,0.00,164.00,0.00,0.00,0.00,0.00,0.00,0.00,0.00,0.00,0.00,293.80,296.40,0.00,0.00,0.00,0.00,0.00,0.00,0.00,0.00,0.00,0.00,0.00,0.00,0.00,0.00,0.00,0.00,0.00,0.00,0.00,0.00,0.00,0.00,0.00,0.00,0.00,0.00,0.00,0.00,0.00,0.00,0.00,0.00,0.00,0.00,0.00,0.00,0.00,0.00,0.00,0.00,0.00,0.00,0.00,0.00,0.00,0.00,0.00,0.00,0.00,97.60,137.40,0.00,44.80,0.00,0.00,0.00,0.00,0.00,222.30,0.00,2324.4,13,1
"3_A20_highconc_rep2_N-3_A20_highconc_rep2_N_GCTATTATCA-GGTCCTGCAA_L001
",0.00,159.60,0.00,0.00,0.00,0.00,0.00,0.00,685.10,0.00,221.10,96.40,0.00,47.40,0.00,0.00,0.00,0.00,0.00,0.00,0.00,0.00,0.00,0.00,"1,371.50","1,329.80","1,339.20",0.00,0.00,0.00,0.00,0.00,0.00,0.00,0.00,285.60,0.00,0.00,680.40,0.00,0.00,0.00,0.00,0.00,966.00,790.40,0.00,0.00,0.00,0.00,0.00,0.00,0.00,0.00,0.00,658.80,0.00,0.00,0.00,0.00,347.20,0.00,"1,044.90","1,366.40",0.00,0.00,"1,177.40",0.00,0.00,437.40,638.00,94.50,0.00,362.10,312.00,66.90,0.00,24.00,144.60,0.00,864.00,"1,871.50","1,537.50",0.00,0.00,0.00,0.00,296.40,0.00,0.00,0.00,0.00,"1,514.20","1,333.80",0.00,825.00,0.00,0.00,563.50,0.00,0.00,0.00,0.00,0.00,0.00,0.00,0.00,0.00,0.00,0.00,873.60,"2,041.20","1,309.80","5,530.40",0.00,0.00,0.00,0.00,0.00,0.00,0.00,0.00,0.00,0.00,0.00,600.60,0.00,0.00,0.00,0.00,0.00,615.00,0.00,0.00,0.00,0.00,0.00,0.00,0.00,245.00,393.60,0.00,0.00,878.40,"1,076.30",949.50,448.00,184.80,225.00,0.00,600.00,0.00,"1,012.70",512.40,40948.9,14,1
"3_A10_highconc_rep1_N-3_A10_highconc_rep1_N_ACCTATCTTA-ATGAATGCCT_L001
",62.70,0.00,0.00,0.00,928.00,0.00,0.00,0.00,"2,254.20","1,945.80",0.00,0.00,0.00,142.20,114.00,0.00,0.00,279.50,0.00,0.00,0.00,"1,737.40",389.50,0.00,"1,498.10",0.00,0.00,18.20,0.00,192.00,764.80,810.30,0.00,0.00,0.00,"2,570.40","2,808.00","1,763.00","1,530.90",404.00,279.60,0.00,234.00,0.00,"4,554.00","3,359.20",0.00,690.00,"1,254.00",652.40,0.00,0.00,0.00,0.00,"1,524.60","1,268.80",912.60,"1,156.20",0.00,0.00,"1,116.00","1,036.30","2,673.00","2,806.00",559.20,512.40,0.00,0.00,0.00,364.50,0.00,132.30,213.30,873.30,790.40,89.20,0.00,48.00,337.40,0.00,"1,144.80","2,029.10",0.00,701.80,0.00,0.00,563.50,0.00,0.00,0.00,525.00,0.00,"2,825.00",0.00,618.80,"2,600.00","2,129.60",731.60,833.00,0.00,0.00,0.00,0.00,0.00,"1,388.80",540.00,0.00,878.40,0.00,0.00,"1,555.20","6,002.10","4,795.20","13,540.80",0.00,0.00,"1,080.00",0.00,0.00,860.00,0.00,0.00,0.00,0.00,0.00,0.00,0.00,865.20,0.00,0.00,0.00,0.00,0.00,0.00,0.00,0.00,"1,512.80",0.00,0.00,0.00,"1,574.40","1,697.40",514.80,"3,220.80","5,198.30","2,890.70",0.00,0.00,450.00,376.00,875.00,"1,161.60","2,445.30","1,976.40",117751.1,15,1
"3_A10_highconc_rep2_N-3_A10_highconc_rep2_N_ACTTCATATA-AAGCCGCCGC_L001
",41.80,0.00,0.00,0.00,580.00,0.00,0.00,0.00,"1,127.10","1,345.50",0.00,0.00,0.00,118.50,0.00,0.00,0.00,0.00,137.40,0.00,0.00,"1,380.40",0.00,0.00,0.00,0.00,0.00,0.00,0.00,0.00,764.80,0.00,0.00,0.00,0.00,"1,023.40","1,216.80",0.00,0.00,404.00,0.00,198.00,187.20,"1,456.00","2,622.00","1,506.70",355.30,713.00,0.00,0.00,0.00,0.00,0.00,0.00,"1,570.80","1,146.80",0.00,0.00,0.00,0.00,0.00,0.00,"2,187.00","2,122.80",0.00,878.40,751.10,259.60,0.00,"1,093.50","1,166.00",132.30,0.00,745.50,540.80,89.20,0.00,72.00,241.00,"1,927.80","2,095.20",0.00,"1,353.00",822.80,908.20,0.00,686.00,0.00,0.00,0.00,0.00,0.00,0.00,"1,407.90","1,523.20","2,500.00","1,427.80",0.00,563.50,0.00,0.00,0.00,0.00,0.00,0.00,0.00,0.00,439.20,0.00,23.50,"1,065.60","2,575.80","2,508.60","6,770.40",0.00,0.00,0.00,0.00,0.00,0.00,583.20,0.00,0.00,0.00,0.00,0.00,0.00,0.00,0.00,0.00,"1,176.00","1,525.20",0.00,0.00,0.00,0.00,0.00,"1,136.20",0.00,367.50,984.00,959.40,304.20,"1,171.20","1,809.10",0.00,268.80,369.60,350.00,517.00,"1,025.00",0.00,"2,939.30","2,293.60",74552.5,16,1
"3_A5_highconc_rep1_N-3_A5_highconc_rep1_N_ATATTCGCTC-TGAACTTCGA_L001
",0.00,0.00,0.00,0.00,0.00,0.00,0.00,0.00,0.00,0.00,0.00,0.00,0.00,0.00,0.00,0.00,0.00,0.00,0.00,0.00,0.00,0.00,0.00,0.00,0.00,0.00,0.00,0.00,0.00,0.00,0.00,0.00,0.00,0.00,0.00,0.00,0.00,0.00,0.00,0.00,0.00,0.00,0.00,0.00,0.00,0.00,0.00,0.00,0.00,0.00,0.00,0.00,0.00,0.00,0.00,0.00,0.00,0.00,0.00,0.00,0.00,0.00,0.00,0.00,0.00,0.00,0.00,0.00,0.00,0.00,0.00,0.00,0.00,0.00,0.00,0.00,0.00,0.00,0.00,0.00,0.00,0.00,0.00,0.00,0.00,0.00,0.00,0.00,0.00,0.00,0.00,0.00,0.00,0.00,0.00,0.00,0.00,0.00,0.00,0.00,0.00,0.00,0.00,0.00,0.00,0.00,0.00,0.00,0.00,0.00,0.00,0.00,0.00,0.00,0.00,0.00,0.00,0.00,0.00,0.00,0.00,0.00,0.00,0.00,0.00,0.00,0.00,0.00,0.00,0.00,0.00,0.00,0.00,0.00,0.00,0.00,0.00,0.00,0.00,0.00,0.00,0.00,0.00,0.00,0.00,0.00,0.00,0.00,0.00,0.00,0.00,0.00,0.00,0.00,0,17,1
"3_A5_highconc_rep2_N-3_A5_highconc_rep2_N_AGGAAGCCAG-ACGGTCATCA_L001
",0.00,0.00,0.00,0.00,232.00,0.00,0.00,0.00,0.00,331.20,0.00,0.00,0.00,0.00,0.00,0.00,0.00,0.00,0.00,0.00,0.00,0.00,0.00,0.00,"1,223.80",0.00,"1,188.00",0.00,0.00,0.00,0.00,0.00,0.00,0.00,0.00,571.20,795.60,645.00,0.00,0.00,0.00,0.00,0.00,873.60,"1,173.00",0.00,0.00,115.00,0.00,0.00,0.00,0.00,0.00,0.00,0.00,0.00,0.00,0.00,0.00,0.00,198.40,0.00,0.00,"1,390.80",0.00,0.00,0.00,0.00,0.00,0.00,66.00,0.00,0.00,319.50,0.00,0.00,0.00,48.00,24.10,0.00,0.00,0.00,430.50,0.00,0.00,0.00,0.00,0.00,0.00,0.00,0.00,0.00,135.60,172.90,0.00,775.00,0.00,401.20,441.00,0.00,0.00,0.00,0.00,0.00,0.00,0.00,0.00,317.20,0.00,0.00,729.60,777.60,0.00,"1,612.00",0.00,0.00,0.00,298.80,0.00,0.00,0.00,0.00,0.00,0.00,0.00,0.00,0.00,0.00,0.00,0.00,0.00,0.00,0.00,0.00,0.00,0.00,0.00,0.00,0.00,98.00,541.20,565.80,257.40,927.20,"1,122.10",527.50,0.00,0.00,0.00,0.00,0.00,0.00,0.00,219.60,19545.4,18,1
"3_A1_highconc_rep1_N-3_A1_highconc_rep1_N_TAACGGAATA-ACTCCAACGG_L001
",0.00,0.00,0.00,0.00,649.60,0.00,0.00,0.00,884.00,0.00,201.00,0.00,0.00,0.00,0.00,0.00,0.00,0.00,0.00,0.00,0.00,0.00,0.00,0.00,0.00,0.00,0.00,0.00,0.00,0.00,0.00,0.00,0.00,0.00,0.00,0.00,0.00,0.00,0.00,0.00,0.00,0.00,93.60,769.60,"1,518.00",864.50,167.20,0.00,815.10,0.00,0.00,0.00,0.00,0.00,508.20,0.00,468.00,0.00,0.00,0.00,0.00,0.00,0.00,756.40,0.00,0.00,527.80,354.00,0.00,0.00,0.00,18.90,71.10,298.20,270.40,0.00,0.00,0.00,48.20,547.40,0.00,"1,359.30","1,127.50",0.00,597.50,726.40,588.00,0.00,0.00,0.00,0.00,0.00,"1,514.20","1,556.10",404.60,0.00,701.80,118.00,0.00,0.00,0.00,0.00,0.00,0.00,0.00,0.00,0.00,0.00,0.00,0.00,499.20,"1,822.50","1,376.40","6,696.00",0.00,0.00,0.00,0.00,0.00,0.00,0.00,0.00,0.00,0.00,0.00,0.00,0.00,329.60,0.00,0.00,432.00,0.00,0.00,0.00,0.00,0.00,0.00,0.00,0.00,147.00,295.20,0.00,163.80,805.20,"1,030.50",569.70,0.00,0.00,225.00,446.50,0.00,0.00,"1,309.10","1,146.80",35819.1,19,1
"3_A1_highconc_rep2_N-3_A1_highconc_rep2_N_GGCGTACTAA-AATCAGAGCC_L001
",0.00,0.00,0.00,0.00,0.00,0.00,0.00,0.00,795.60,0.00,120.60,0.00,0.00,0.00,0.00,0.00,0.00,215.00,274.80,631.80,0.00,"1,832.60",0.00,0.00,"1,540.30","1,438.80","1,447.20",0.00,0.00,0.00,454.10,438.00,0.00,0.00,0.00,0.00,351.00,666.50,0.00,161.60,0.00,0.00,0.00,436.80,552.00,0.00,0.00,46.00,0.00,0.00,0.00,0.00,0.00,0.00,0.00,0.00,538.20,0.00,0.00,0.00,0.00,0.00,777.60,976.00,0.00,0.00,0.00,0.00,0.00,24.30,0.00,75.60,0.00,191.70,0.00,0.00,0.00,72.00,120.50,0.00,0.00,0.00,0.00,0.00,0.00,0.00,0.00,0.00,0.00,0.00,0.00,0.00,0.00,839.80,595.00,0.00,0.00,0.00,318.50,0.00,0.00,0.00,382.40,579.80,0.00,220.00,0.00,0.00,0.00,0.00,873.60,"3,110.40","2,419.80","7,142.40",0.00,0.00,0.00,0.00,0.00,0.00,0.00,0.00,0.00,0.00,0.00,0.00,0.00,0.00,0.00,0.00,0.00,0.00,0.00,0.00,0.00,0.00,0.00,0.00,0.00,0.00,418.20,442.80,327.60,805.20,"1,259.50",738.50,0.00,0.00,0.00,0.00,175.00,701.80,"1,383.20",732.00,37644.1,20,1
"3_A0_highconc_rep1_N-3_A0_highconc_rep1_N_TTAAGGCTAT-TCTAGGATAA_L001
",0.00,0.00,0.00,0.00,278.40,0.00,0.00,0.00,0.00,0.00,0.00,0.00,0.00,0.00,0.00,0.00,0.00,0.00,91.60,0.00,0.00,0.00,0.00,0.00,0.00,0.00,0.00,0.00,0.00,0.00,0.00,0.00,0.00,0.00,0.00,0.00,608.40,666.50,0.00,0.00,0.00,0.00,0.00,0.00,0.00,0.00,0.00,207.00,459.80,0.00,0.00,0.00,0.00,0.00,0.00,0.00,0.00,246.00,0.00,0.00,0.00,0.00,0.00,561.20,0.00,0.00,0.00,0.00,0.00,0.00,0.00,0.00,0.00,149.10,0.00,0.00,0.00,24.00,0.00,0.00,0.00,0.00,0.00,0.00,0.00,0.00,0.00,0.00,0.00,0.00,0.00,0.00,339.00,345.80,0.00,525.00,0.00,0.00,0.00,0.00,0.00,0.00,0.00,0.00,0.00,0.00,0.00,0.00,0.00,0.00,537.60,"1,409.40",888.00,"1,165.60",0.00,0.00,100.00,0.00,0.00,0.00,0.00,0.00,0.00,0.00,0.00,0.00,0.00,0.00,0.00,0.00,0.00,934.80,310.70,0.00,0.00,0.00,0.00,0.00,0.00,147.00,418.20,442.80,70.20,268.40,366.40,168.80,0.00,0.00,50.00,0.00,0.00,0.00,0.00,0.00,11779.7,21,1
"3_A0_highconc_rep2_N-3_A0_highconc_rep2_N_TATTGGAACC-AATAAGGCTC_L001
",0.00,0.00,0.00,0.00,371.20,0.00,0.00,0.00,0.00,0.00,0.00,0.00,0.00,0.00,0.00,0.00,0.00,0.00,0.00,0.00,732.80,666.40,0.00,0.00,485.30,0.00,0.00,0.00,0.00,0.00,0.00,0.00,0.00,0.00,0.00,0.00,0.00,129.00,0.00,0.00,69.90,44.00,0.00,0.00,690.00,543.40,0.00,0.00,104.50,0.00,0.00,0.00,0.00,0.00,0.00,0.00,0.00,295.20,0.00,0.00,0.00,0.00,413.10,0.00,0.00,0.00,0.00,0.00,0.00,0.00,0.00,0.00,0.00,404.70,416.00,0.00,0.00,0.00,24.10,0.00,0.00,0.00,0.00,0.00,0.00,0.00,0.00,0.00,0.00,0.00,0.00,0.00,565.00,0.00,0.00,0.00,0.00,0.00,0.00,0.00,0.00,0.00,0.00,0.00,198.40,0.00,0.00,0.00,0.00,0.00,403.20,0.00,0.00,"2,678.40",0.00,0.00,0.00,0.00,0.00,0.00,0.00,0.00,0.00,0.00,0.00,0.00,0.00,0.00,0.00,0.00,0.00,344.40,0.00,0.00,0.00,0.00,0.00,0.00,0.00,98.00,172.20,221.40,0.00,244.00,297.70,0.00,0.00,0.00,0.00,0.00,0.00,0.00,0.00,0.00,10612.3,22,1
"3_A100_lowconc_rep1_N-3_A100_lowconc_rep1_N_ATAATAGGCA-TATTCCAATT_L001
",0.00,0.00,0.00,0.00,0.00,0.00,0.00,0.00,0.00,0.00,0.00,0.00,0.00,0.00,0.00,0.00,0.00,0.00,0.00,0.00,0.00,0.00,0.00,0.00,0.00,0.00,0.00,0.00,0.00,0.00,0.00,0.00,0.00,0.00,0.00,0.00,0.00,0.00,0.00,0.00,0.00,0.00,0.00,0.00,0.00,0.00,0.00,0.00,0.00,0.00,0.00,0.00,0.00,0.00,0.00,0.00,0.00,0.00,0.00,0.00,0.00,0.00,0.00,0.00,0.00,0.00,0.00,0.00,0.00,0.00,0.00,0.00,0.00,0.00,0.00,0.00,0.00,0.00,0.00,0.00,0.00,0.00,0.00,0.00,0.00,0.00,0.00,0.00,0.00,0.00,0.00,0.00,0.00,0.00,0.00,0.00,0.00,0.00,0.00,0.00,0.00,0.00,0.00,0.00,0.00,0.00,0.00,0.00,0.00,0.00,0.00,0.00,0.00,0.00,0.00,0.00,0.00,0.00,0.00,0.00,0.00,0.00,0.00,0.00,0.00,0.00,0.00,0.00,0.00,0.00,0.00,0.00,0.00,0.00,0.00,0.00,0.00,0.00,0.00,0.00,0.00,0.00,0.00,0.00,0.00,0.00,0.00,0.00,0.00,0.00,0.00,0.00,0.00,0.00,0,23,1
"3_A100_lowconc_rep2_N-3_A100_lowconc_rep2_N_GATGGATGCG-AAGCGGTTCT_L001
",0.00,0.00,0.00,0.00,0.00,0.00,0.00,0.00,0.00,0.00,0.00,0.00,0.00,0.00,0.00,0.00,0.00,0.00,0.00,0.00,0.00,0.00,0.00,0.00,0.00,0.00,0.00,0.00,0.00,0.00,0.00,0.00,0.00,0.00,0.00,0.00,0.00,0.00,0.00,0.00,0.00,0.00,0.00,0.00,0.00,0.00,0.00,0.00,0.00,0.00,0.00,0.00,0.00,0.00,0.00,0.00,0.00,0.00,0.00,0.00,0.00,0.00,0.00,0.00,0.00,0.00,0.00,0.00,0.00,0.00,0.00,0.00,0.00,0.00,0.00,0.00,0.00,0.00,0.00,0.00,0.00,0.00,0.00,0.00,0.00,0.00,0.00,0.00,0.00,0.00,0.00,0.00,0.00,0.00,0.00,0.00,0.00,0.00,0.00,0.00,0.00,0.00,0.00,0.00,0.00,0.00,0.00,0.00,0.00,0.00,0.00,0.00,0.00,0.00,0.00,0.00,0.00,0.00,0.00,0.00,0.00,0.00,0.00,0.00,0.00,0.00,0.00,0.00,0.00,0.00,0.00,0.00,0.00,0.00,0.00,0.00,0.00,0.00,0.00,0.00,0.00,0.00,0.00,0.00,0.00,0.00,0.00,0.00,0.00,0.00,0.00,0.00,0.00,0.00,0,24,1
"3_A99_lowconc_rep1_N-3_A99_lowconc_rep1_N_ACGGTTAGCG-CTGCCTCTTC_L001
",0.00,0.00,0.00,0.00,0.00,0.00,0.00,0.00,0.00,0.00,0.00,0.00,0.00,0.00,0.00,0.00,0.00,0.00,0.00,0.00,0.00,0.00,0.00,0.00,0.00,0.00,0.00,0.00,0.00,0.00,0.00,0.00,0.00,0.00,0.00,0.00,0.00,0.00,0.00,0.00,0.00,0.00,0.00,0.00,0.00,0.00,0.00,0.00,0.00,0.00,0.00,0.00,0.00,0.00,0.00,0.00,0.00,0.00,0.00,0.00,0.00,0.00,0.00,0.00,0.00,0.00,0.00,0.00,0.00,0.00,0.00,0.00,0.00,0.00,0.00,0.00,0.00,0.00,0.00,0.00,0.00,0.00,0.00,0.00,0.00,0.00,0.00,0.00,0.00,0.00,0.00,0.00,0.00,0.00,0.00,0.00,0.00,0.00,0.00,0.00,0.00,0.00,0.00,0.00,0.00,0.00,0.00,0.00,0.00,0.00,0.00,0.00,0.00,0.00,0.00,0.00,0.00,0.00,0.00,0.00,0.00,0.00,0.00,0.00,0.00,0.00,0.00,0.00,0.00,0.00,0.00,0.00,0.00,0.00,0.00,0.00,0.00,0.00,0.00,0.00,0.00,0.00,0.00,0.00,0.00,0.00,0.00,0.00,0.00,0.00,0.00,0.00,0.00,0.00,0,25,1
"3_A99_lowconc_rep2_N-3_A99_lowconc_rep2_N_GACGGACTTC-AAGACCTTAC_L001
",0.00,0.00,0.00,0.00,0.00,0.00,0.00,0.00,0.00,0.00,0.00,0.00,0.00,0.00,0.00,0.00,0.00,0.00,0.00,0.00,0.00,0.00,0.00,0.00,0.00,0.00,0.00,0.00,0.00,0.00,0.00,0.00,0.00,0.00,0.00,0.00,0.00,0.00,0.00,0.00,0.00,0.00,0.00,0.00,0.00,0.00,0.00,0.00,0.00,0.00,0.00,0.00,0.00,0.00,0.00,0.00,0.00,0.00,0.00,0.00,0.00,0.00,0.00,0.00,0.00,0.00,0.00,0.00,0.00,0.00,0.00,0.00,0.00,0.00,0.00,0.00,0.00,0.00,0.00,0.00,0.00,0.00,0.00,0.00,0.00,0.00,0.00,0.00,0.00,0.00,0.00,0.00,0.00,0.00,0.00,0.00,0.00,0.00,0.00,0.00,0.00,0.00,0.00,0.00,0.00,0.00,0.00,0.00,0.00,0.00,0.00,0.00,0.00,0.00,0.00,0.00,0.00,0.00,0.00,0.00,0.00,0.00,0.00,0.00,0.00,0.00,0.00,0.00,0.00,0.00,0.00,0.00,0.00,0.00,0.00,0.00,0.00,0.00,0.00,0.00,0.00,0.00,0.00,0.00,0.00,0.00,0.00,0.00,0.00,0.00,0.00,0.00,0.00,0.00,0,26,1
"3_A95_lowconc_rep1_N-3_A95_lowconc_rep1_N_TCAGCCGTTA-GGATTATTAT_L001
",0.00,0.00,0.00,0.00,0.00,0.00,0.00,0.00,0.00,0.00,0.00,0.00,0.00,0.00,0.00,0.00,0.00,0.00,0.00,0.00,0.00,0.00,0.00,0.00,0.00,0.00,0.00,0.00,0.00,0.00,0.00,0.00,0.00,0.00,0.00,0.00,0.00,0.00,0.00,0.00,0.00,0.00,0.00,0.00,0.00,0.00,0.00,0.00,0.00,0.00,0.00,0.00,0.00,0.00,0.00,0.00,0.00,0.00,0.00,0.00,0.00,0.00,0.00,0.00,0.00,0.00,0.00,0.00,0.00,0.00,0.00,0.00,0.00,0.00,0.00,0.00,0.00,0.00,0.00,0.00,0.00,0.00,0.00,0.00,0.00,0.00,0.00,0.00,0.00,0.00,0.00,0.00,0.00,0.00,0.00,0.00,0.00,0.00,0.00,0.00,0.00,0.00,0.00,0.00,0.00,0.00,0.00,0.00,0.00,0.00,0.00,0.00,0.00,0.00,0.00,0.00,0.00,0.00,0.00,0.00,0.00,0.00,0.00,0.00,0.00,0.00,0.00,0.00,0.00,0.00,0.00,0.00,0.00,0.00,0.00,0.00,0.00,0.00,0.00,0.00,0.00,0.00,0.00,0.00,0.00,0.00,0.00,0.00,0.00,0.00,0.00,0.00,0.00,0.00,0,27,1
"3_A95_lowconc_rep2_N-3_A95_lowconc_rep2_N_TTGATCTACC-ATGGCAATAC_L001
",0.00,0.00,0.00,0.00,0.00,0.00,0.00,0.00,0.00,0.00,0.00,0.00,0.00,0.00,0.00,0.00,0.00,0.00,0.00,0.00,0.00,0.00,0.00,0.00,0.00,0.00,0.00,0.00,0.00,0.00,0.00,0.00,0.00,0.00,0.00,0.00,0.00,0.00,0.00,0.00,0.00,0.00,0.00,0.00,0.00,0.00,0.00,0.00,0.00,0.00,0.00,0.00,0.00,0.00,0.00,0.00,0.00,0.00,0.00,0.00,0.00,0.00,0.00,0.00,0.00,0.00,0.00,0.00,0.00,0.00,0.00,0.00,0.00,0.00,0.00,0.00,0.00,0.00,0.00,0.00,0.00,0.00,0.00,0.00,0.00,0.00,0.00,0.00,0.00,0.00,0.00,0.00,0.00,0.00,0.00,0.00,0.00,0.00,0.00,0.00,0.00,0.00,0.00,0.00,0.00,0.00,0.00,0.00,0.00,0.00,0.00,0.00,0.00,0.00,0.00,0.00,0.00,0.00,0.00,0.00,0.00,0.00,0.00,0.00,0.00,0.00,0.00,0.00,0.00,0.00,0.00,0.00,0.00,0.00,0.00,0.00,0.00,0.00,0.00,0.00,0.00,0.00,0.00,0.00,0.00,0.00,0.00,0.00,0.00,0.00,0.00,0.00,0.00,0.00,0,28,1
"3_A90_lowconc_rep1_N-3_A90_lowconc_rep1_N_TTCTAGAATG-AGCGACTGCT_L001
",0.00,0.00,0.00,0.00,0.00,0.00,0.00,0.00,0.00,62.10,0.00,24.10,0.00,0.00,0.00,0.00,0.00,0.00,0.00,0.00,183.20,0.00,0.00,0.00,0.00,0.00,0.00,0.00,0.00,0.00,0.00,0.00,0.00,0.00,0.00,119.00,0.00,43.00,0.00,0.00,0.00,0.00,0.00,0.00,322.00,321.10,313.50,0.00,0.00,0.00,0.00,0.00,0.00,0.00,0.00,0.00,0.00,0.00,0.00,0.00,0.00,0.00,0.00,0.00,0.00,0.00,0.00,0.00,0.00,0.00,0.00,0.00,0.00,0.00,0.00,0.00,0.00,0.00,0.00,0.00,0.00,0.00,0.00,0.00,0.00,0.00,0.00,0.00,0.00,0.00,0.00,0.00,0.00,0.00,0.00,0.00,0.00,0.00,0.00,0.00,0.00,0.00,0.00,0.00,0.00,0.00,0.00,0.00,0.00,0.00,96.00,0.00,88.80,0.00,0.00,0.00,0.00,0.00,0.00,0.00,0.00,0.00,0.00,0.00,0.00,0.00,0.00,0.00,0.00,0.00,0.00,0.00,0.00,0.00,0.00,0.00,0.00,0.00,0.00,0.00,0.00,0.00,0.00,0.00,0.00,0.00,0.00,0.00,0.00,0.00,0.00,0.00,0.00,0.00,1572.8,29,1
"3_A90_lowconc_rep2_N-3_A90_lowconc_rep2_N_GGCCGAATAG-ACGACTCCTC_L001
",0.00,0.00,0.00,0.00,0.00,0.00,0.00,0.00,0.00,0.00,0.00,0.00,0.00,0.00,0.00,0.00,0.00,0.00,0.00,0.00,0.00,0.00,0.00,0.00,0.00,0.00,0.00,0.00,0.00,0.00,0.00,0.00,0.00,0.00,0.00,0.00,0.00,0.00,0.00,0.00,0.00,0.00,0.00,0.00,0.00,0.00,0.00,0.00,0.00,0.00,0.00,0.00,0.00,0.00,0.00,0.00,0.00,0.00,0.00,0.00,0.00,0.00,0.00,0.00,0.00,0.00,0.00,0.00,0.00,0.00,0.00,0.00,0.00,0.00,0.00,0.00,0.00,0.00,0.00,0.00,0.00,0.00,0.00,0.00,0.00,0.00,0.00,0.00,0.00,0.00,0.00,0.00,0.00,0.00,0.00,0.00,0.00,0.00,0.00,0.00,0.00,0.00,0.00,0.00,0.00,0.00,0.00,0.00,0.00,0.00,0.00,0.00,0.00,0.00,0.00,0.00,0.00,0.00,0.00,0.00,0.00,0.00,0.00,0.00,0.00,0.00,0.00,0.00,0.00,0.00,0.00,0.00,0.00,0.00,0.00,0.00,0.00,0.00,0.00,0.00,0.00,0.00,0.00,0.00,0.00,0.00,0.00,0.00,0.00,0.00,0.00,0.00,0.00,0.00,0,30,1
"3_A80_lowconc_rep1_N-3_A80_lowconc_rep1_N_CGCCAAGTCG-CGACCGAGAG_L001
",0.00,0.00,0.00,0.00,0.00,0.00,0.00,0.00,0.00,0.00,0.00,0.00,0.00,0.00,0.00,0.00,0.00,0.00,0.00,0.00,0.00,0.00,0.00,0.00,0.00,0.00,0.00,0.00,0.00,0.00,0.00,0.00,0.00,0.00,0.00,0.00,0.00,0.00,0.00,0.00,0.00,0.00,0.00,0.00,0.00,0.00,0.00,0.00,0.00,0.00,0.00,0.00,0.00,0.00,0.00,0.00,0.00,0.00,0.00,0.00,0.00,0.00,0.00,0.00,0.00,0.00,0.00,0.00,0.00,0.00,0.00,0.00,0.00,0.00,0.00,0.00,0.00,0.00,0.00,0.00,0.00,0.00,0.00,0.00,0.00,0.00,0.00,0.00,0.00,0.00,0.00,0.00,0.00,0.00,0.00,0.00,0.00,0.00,0.00,0.00,0.00,0.00,0.00,0.00,0.00,0.00,0.00,0.00,0.00,0.00,0.00,0.00,0.00,0.00,0.00,0.00,0.00,0.00,0.00,0.00,0.00,0.00,0.00,0.00,0.00,0.00,0.00,0.00,0.00,0.00,0.00,0.00,0.00,0.00,0.00,0.00,0.00,0.00,0.00,0.00,0.00,0.00,0.00,0.00,0.00,0.00,0.00,0.00,0.00,0.00,0.00,0.00,0.00,0.00,0,31,1
"3_A80_lowconc_rep2_N-3_A80_lowconc_rep2_N_CGTCCGGCAT-CCGAGGCAAC_L001
",0.00,0.00,0.00,0.00,0.00,0.00,0.00,0.00,0.00,0.00,0.00,0.00,0.00,0.00,0.00,0.00,0.00,0.00,0.00,0.00,0.00,0.00,0.00,0.00,0.00,0.00,0.00,0.00,0.00,0.00,0.00,0.00,0.00,0.00,0.00,0.00,0.00,0.00,0.00,0.00,0.00,0.00,0.00,0.00,0.00,0.00,0.00,0.00,0.00,0.00,0.00,0.00,0.00,0.00,0.00,0.00,0.00,0.00,0.00,0.00,0.00,0.00,0.00,0.00,0.00,0.00,0.00,0.00,0.00,0.00,0.00,0.00,0.00,0.00,0.00,0.00,0.00,0.00,0.00,0.00,0.00,0.00,0.00,0.00,0.00,0.00,0.00,0.00,0.00,0.00,0.00,0.00,0.00,0.00,0.00,0.00,0.00,0.00,0.00,0.00,0.00,0.00,0.00,0.00,0.00,0.00,0.00,0.00,0.00,0.00,0.00,0.00,0.00,0.00,0.00,0.00,0.00,0.00,0.00,0.00,0.00,0.00,0.00,0.00,0.00,0.00,0.00,0.00,0.00,0.00,0.00,0.00,0.00,0.00,0.00,0.00,0.00,0.00,0.00,0.00,0.00,0.00,0.00,0.00,0.00,0.00,0.00,0.00,0.00,0.00,0.00,0.00,0.00,0.00,0,32,1
"3_A50_lowconc_rep1_N-3_A50_lowconc_rep1_N_GTCTACTCTG-CTTGGAGACT_L001
",0.00,0.00,0.00,0.00,92.80,0.00,0.00,0.00,0.00,0.00,0.00,0.00,0.00,0.00,0.00,0.00,0.00,0.00,0.00,0.00,0.00,0.00,0.00,0.00,0.00,0.00,0.00,0.00,0.00,0.00,0.00,0.00,0.00,0.00,0.00,0.00,187.20,0.00,0.00,0.00,0.00,0.00,0.00,0.00,0.00,0.00,0.00,0.00,0.00,0.00,0.00,0.00,0.00,0.00,0.00,0.00,0.00,0.00,0.00,0.00,0.00,0.00,0.00,0.00,116.50,0.00,0.00,0.00,0.00,0.00,0.00,0.00,0.00,0.00,0.00,0.00,0.00,0.00,24.10,0.00,0.00,0.00,0.00,0.00,0.00,0.00,0.00,0.00,0.00,0.00,0.00,0.00,0.00,0.00,0.00,0.00,0.00,0.00,0.00,0.00,0.00,0.00,0.00,0.00,0.00,0.00,0.00,0.00,0.00,0.00,192.00,777.60,599.40,818.40,828.00,814.00,0.00,0.00,0.00,0.00,0.00,0.00,0.00,0.00,0.00,0.00,0.00,0.00,0.00,0.00,0.00,0.00,0.00,0.00,0.00,0.00,0.00,0.00,0.00,0.00,0.00,0.00,0.00,73.20,45.80,0.00,0.00,0.00,0.00,0.00,0.00,0.00,0.00,0.00,4569,33,1
"3_A50_lowconc_rep2_N-3_A50_lowconc_rep2_N_GAACTATTAA-TTGGTTCGAG_L001
",0.00,0.00,0.00,0.00,0.00,0.00,0.00,0.00,0.00,0.00,0.00,0.00,0.00,0.00,0.00,0.00,0.00,0.00,0.00,0.00,0.00,0.00,0.00,0.00,0.00,0.00,0.00,0.00,0.00,0.00,0.00,0.00,0.00,0.00,0.00,0.00,163.80,0.00,0.00,0.00,0.00,0.00,0.00,0.00,0.00,0.00,0.00,0.00,0.00,0.00,0.00,0.00,0.00,0.00,0.00,0.00,0.00,0.00,0.00,0.00,0.00,0.00,0.00,0.00,0.00,0.00,0.00,0.00,0.00,0.00,0.00,0.00,0.00,106.50,0.00,0.00,0.00,0.00,0.00,0.00,0.00,0.00,0.00,0.00,0.00,0.00,0.00,0.00,0.00,0.00,0.00,0.00,0.00,0.00,0.00,0.00,0.00,0.00,0.00,0.00,0.00,0.00,0.00,0.00,0.00,0.00,0.00,0.00,0.00,0.00,0.00,145.80,0.00,0.00,0.00,0.00,0.00,99.60,0.00,0.00,0.00,0.00,0.00,0.00,0.00,0.00,0.00,0.00,0.00,0.00,0.00,0.00,0.00,0.00,0.00,0.00,0.00,0.00,0.00,73.50,49.20,0.00,0.00,268.40,274.80,0.00,0.00,23.10,0.00,0.00,0.00,0.00,0.00,0.00,1204.7,34,1
"3_A20_lowconc_rep1_N-3_A20_lowconc_rep1_N_AGTAGGCGGA-GATGATCCAT_L001
",0.00,0.00,0.00,0.00,0.00,0.00,0.00,0.00,0.00,0.00,0.00,0.00,0.00,0.00,0.00,0.00,0.00,0.00,0.00,0.00,0.00,0.00,0.00,0.00,0.00,0.00,0.00,0.00,0.00,0.00,0.00,0.00,0.00,0.00,0.00,0.00,0.00,0.00,0.00,0.00,0.00,0.00,0.00,0.00,0.00,0.00,0.00,0.00,0.00,0.00,0.00,0.00,0.00,0.00,0.00,0.00,0.00,0.00,0.00,0.00,0.00,0.00,0.00,0.00,0.00,0.00,0.00,0.00,0.00,0.00,0.00,0.00,0.00,0.00,0.00,0.00,0.00,0.00,0.00,0.00,0.00,0.00,0.00,0.00,0.00,0.00,0.00,0.00,0.00,0.00,0.00,0.00,0.00,0.00,0.00,0.00,0.00,0.00,0.00,0.00,0.00,0.00,0.00,0.00,0.00,0.00,0.00,0.00,0.00,0.00,0.00,0.00,0.00,0.00,0.00,0.00,0.00,0.00,0.00,0.00,0.00,0.00,0.00,0.00,0.00,0.00,0.00,0.00,0.00,0.00,0.00,0.00,0.00,0.00,0.00,0.00,0.00,0.00,0.00,0.00,0.00,0.00,0.00,0.00,0.00,0.00,0.00,0.00,0.00,0.00,0.00,0.00,0.00,0.00,0,35,1
"3_A20_lowconc_rep2_N-3_A20_lowconc_rep2_N_TATAATTCAA-CCTCCGGAGT_L001
",0.00,0.00,0.00,0.00,0.00,0.00,0.00,0.00,0.00,0.00,0.00,0.00,0.00,0.00,0.00,0.00,0.00,21.50,0.00,0.00,0.00,0.00,0.00,0.00,0.00,0.00,0.00,0.00,0.00,0.00,0.00,0.00,0.00,0.00,0.00,0.00,0.00,0.00,0.00,0.00,0.00,0.00,0.00,0.00,0.00,0.00,0.00,0.00,0.00,0.00,0.00,0.00,0.00,0.00,0.00,0.00,0.00,0.00,69.60,49.40,0.00,0.00,0.00,0.00,0.00,0.00,0.00,0.00,0.00,0.00,0.00,0.00,0.00,0.00,0.00,0.00,0.00,0.00,0.00,0.00,0.00,0.00,102.50,0.00,0.00,0.00,0.00,0.00,0.00,0.00,0.00,0.00,0.00,0.00,0.00,0.00,0.00,0.00,0.00,0.00,0.00,0.00,0.00,0.00,0.00,0.00,0.00,0.00,0.00,0.00,0.00,631.80,621.60,620.00,0.00,0.00,0.00,0.00,0.00,0.00,0.00,0.00,0.00,0.00,0.00,0.00,0.00,0.00,0.00,0.00,0.00,0.00,0.00,0.00,0.00,0.00,0.00,0.00,0.00,0.00,0.00,0.00,0.00,0.00,0.00,0.00,0.00,0.00,0.00,0.00,0.00,0.00,0.00,0.00,2116.4,36,1
"3_A10_lowconc_rep1_N-3_A10_lowconc_rep1_N_CGCGCGACTT-TCGGCCGATG_L001
",0.00,0.00,0.00,0.00,0.00,0.00,0.00,0.00,0.00,0.00,0.00,0.00,0.00,0.00,0.00,0.00,0.00,0.00,0.00,0.00,0.00,0.00,0.00,0.00,0.00,0.00,0.00,0.00,0.00,0.00,0.00,0.00,0.00,0.00,0.00,0.00,0.00,0.00,0.00,0.00,0.00,0.00,0.00,0.00,0.00,0.00,0.00,0.00,0.00,0.00,0.00,0.00,0.00,0.00,0.00,0.00,0.00,0.00,0.00,0.00,0.00,0.00,0.00,0.00,0.00,0.00,0.00,0.00,0.00,0.00,0.00,0.00,0.00,0.00,0.00,0.00,0.00,0.00,0.00,0.00,0.00,0.00,0.00,0.00,0.00,0.00,0.00,0.00,0.00,0.00,0.00,0.00,0.00,0.00,0.00,0.00,0.00,0.00,0.00,0.00,0.00,0.00,0.00,0.00,0.00,0.00,0.00,0.00,0.00,0.00,0.00,0.00,0.00,0.00,0.00,0.00,0.00,0.00,0.00,0.00,0.00,0.00,0.00,0.00,0.00,0.00,0.00,0.00,0.00,0.00,0.00,0.00,0.00,0.00,0.00,0.00,0.00,0.00,0.00,0.00,0.00,0.00,0.00,0.00,0.00,0.00,0.00,0.00,0.00,0.00,0.00,0.00,0.00,0.00,0,37,1
"3_A10_lowconc_rep2_N-3_A10_lowconc_rep2_N_TTGAACTAAG-ACTGATGCGA_L001
",0.00,0.00,0.00,0.00,0.00,0.00,0.00,0.00,0.00,0.00,0.00,0.00,0.00,0.00,0.00,0.00,0.00,0.00,0.00,0.00,0.00,0.00,0.00,0.00,0.00,0.00,0.00,0.00,0.00,0.00,0.00,0.00,0.00,0.00,0.00,0.00,0.00,0.00,0.00,0.00,0.00,0.00,0.00,0.00,0.00,0.00,0.00,0.00,0.00,0.00,0.00,0.00,0.00,0.00,0.00,0.00,0.00,0.00,0.00,0.00,0.00,0.00,0.00,0.00,0.00,0.00,0.00,0.00,0.00,0.00,0.00,0.00,0.00,0.00,0.00,0.00,0.00,0.00,0.00,0.00,0.00,0.00,0.00,0.00,0.00,0.00,0.00,0.00,0.00,0.00,0.00,0.00,0.00,0.00,0.00,0.00,0.00,0.00,0.00,0.00,0.00,0.00,0.00,0.00,0.00,0.00,0.00,0.00,0.00,0.00,0.00,0.00,0.00,0.00,0.00,0.00,0.00,0.00,0.00,0.00,0.00,0.00,0.00,0.00,0.00,0.00,0.00,0.00,0.00,0.00,0.00,0.00,0.00,0.00,0.00,0.00,0.00,0.00,0.00,0.00,0.00,0.00,0.00,0.00,0.00,0.00,0.00,0.00,0.00,0.00,0.00,0.00,0.00,0.00,0,38,1
"3_A5_lowconc_rep1_N-3_A5_lowconc_rep1_N_TGAGCTCCAA-ACGTAGCAGG_L001
",0.00,0.00,0.00,0.00,0.00,0.00,0.00,0.00,176.80,0.00,0.00,0.00,0.00,0.00,0.00,0.00,0.00,0.00,0.00,0.00,0.00,0.00,0.00,0.00,0.00,0.00,0.00,0.00,0.00,0.00,0.00,0.00,0.00,0.00,0.00,0.00,0.00,0.00,0.00,0.00,0.00,0.00,0.00,0.00,0.00,0.00,229.90,0.00,0.00,0.00,0.00,0.00,0.00,0.00,0.00,0.00,0.00,0.00,0.00,0.00,0.00,0.00,0.00,0.00,349.50,0.00,0.00,0.00,0.00,218.70,220.00,18.90,0.00,0.00,0.00,0.00,0.00,0.00,0.00,0.00,0.00,0.00,0.00,0.00,0.00,0.00,0.00,0.00,0.00,0.00,0.00,0.00,45.20,0.00,0.00,0.00,0.00,0.00,0.00,0.00,0.00,0.00,0.00,0.00,0.00,0.00,0.00,0.00,0.00,0.00,0.00,0.00,0.00,"1,066.40",0.00,0.00,0.00,0.00,0.00,0.00,0.00,0.00,0.00,0.00,0.00,0.00,0.00,0.00,0.00,0.00,0.00,0.00,0.00,0.00,0.00,0.00,0.00,0.00,0.00,0.00,73.80,0.00,93.60,0.00,160.30,0.00,0.00,0.00,0.00,0.00,0.00,121.00,0.00,0.00,2774.1,39,1
"3_A5_lowconc_rep2_N-3_A5_lowconc_rep2_N_ACGTAGACCA-GAGCTCTTCA_L001
",0.00,0.00,0.00,0.00,0.00,0.00,0.00,0.00,0.00,0.00,0.00,0.00,0.00,0.00,0.00,0.00,0.00,0.00,0.00,0.00,0.00,0.00,0.00,0.00,0.00,0.00,0.00,0.00,0.00,0.00,0.00,0.00,0.00,0.00,0.00,0.00,0.00,0.00,0.00,0.00,0.00,0.00,0.00,0.00,0.00,0.00,0.00,0.00,0.00,0.00,0.00,0.00,0.00,0.00,0.00,0.00,0.00,0.00,0.00,0.00,0.00,0.00,0.00,0.00,0.00,0.00,0.00,0.00,0.00,0.00,0.00,0.00,0.00,0.00,0.00,0.00,0.00,0.00,0.00,0.00,0.00,0.00,0.00,0.00,0.00,0.00,0.00,0.00,0.00,0.00,0.00,0.00,0.00,0.00,0.00,0.00,0.00,0.00,0.00,0.00,0.00,0.00,0.00,0.00,0.00,0.00,0.00,0.00,0.00,0.00,0.00,0.00,0.00,0.00,0.00,0.00,0.00,0.00,0.00,0.00,0.00,0.00,0.00,0.00,0.00,0.00,0.00,0.00,0.00,0.00,0.00,0.00,0.00,0.00,0.00,0.00,0.00,0.00,0.00,0.00,0.00,0.00,0.00,0.00,0.00,0.00,0.00,0.00,0.00,0.00,0.00,0.00,0.00,0.00,0,40,1
"3_A1_lowconc_rep1_N-3_A1_lowconc_rep1_N_TCTTGGCATT-CCTGAATACT_L001
",0.00,0.00,0.00,0.00,0.00,0.00,0.00,0.00,0.00,0.00,0.00,0.00,0.00,0.00,0.00,0.00,0.00,0.00,0.00,0.00,0.00,0.00,0.00,0.00,0.00,0.00,0.00,0.00,0.00,0.00,0.00,0.00,0.00,0.00,0.00,0.00,0.00,0.00,0.00,0.00,0.00,0.00,0.00,0.00,0.00,0.00,0.00,0.00,0.00,0.00,0.00,0.00,0.00,0.00,0.00,0.00,0.00,0.00,0.00,0.00,0.00,0.00,0.00,0.00,0.00,0.00,0.00,0.00,0.00,0.00,0.00,0.00,0.00,0.00,0.00,0.00,0.00,0.00,0.00,0.00,0.00,0.00,0.00,0.00,0.00,0.00,0.00,0.00,0.00,0.00,0.00,0.00,0.00,0.00,0.00,0.00,0.00,0.00,0.00,0.00,0.00,0.00,0.00,0.00,0.00,0.00,0.00,0.00,0.00,0.00,0.00,0.00,0.00,0.00,0.00,0.00,0.00,0.00,0.00,0.00,0.00,0.00,0.00,0.00,0.00,0.00,0.00,0.00,0.00,0.00,0.00,0.00,0.00,0.00,0.00,0.00,0.00,0.00,0.00,0.00,0.00,0.00,0.00,0.00,0.00,0.00,0.00,0.00,0.00,0.00,0.00,0.00,0.00,0.00,0,41,1
"3_A1_lowconc_rep2_N-3_A1_lowconc_rep2_N_ATCGGCGGCA-CCAAGAGCAA_L001
",0.00,0.00,0.00,0.00,0.00,0.00,0.00,0.00,0.00,0.00,0.00,0.00,0.00,0.00,0.00,0.00,0.00,0.00,0.00,0.00,0.00,0.00,0.00,0.00,0.00,0.00,0.00,0.00,0.00,0.00,0.00,0.00,0.00,0.00,0.00,0.00,0.00,0.00,0.00,0.00,0.00,0.00,0.00,0.00,0.00,0.00,0.00,0.00,0.00,0.00,0.00,0.00,0.00,0.00,0.00,0.00,0.00,0.00,0.00,0.00,0.00,0.00,0.00,0.00,0.00,0.00,0.00,0.00,0.00,0.00,0.00,0.00,0.00,0.00,0.00,0.00,0.00,0.00,0.00,0.00,0.00,0.00,0.00,0.00,0.00,0.00,0.00,0.00,0.00,0.00,0.00,0.00,0.00,0.00,0.00,0.00,0.00,0.00,0.00,0.00,0.00,0.00,0.00,0.00,0.00,0.00,0.00,0.00,0.00,0.00,0.00,0.00,0.00,0.00,0.00,0.00,0.00,0.00,0.00,0.00,0.00,0.00,0.00,0.00,0.00,0.00,0.00,0.00,0.00,0.00,0.00,0.00,0.00,0.00,0.00,0.00,0.00,0.00,0.00,0.00,0.00,0.00,0.00,0.00,0.00,0.00,0.00,0.00,0.00,0.00,0.00,0.00,0.00,0.00,0,42,1
"3_A0_lowconc_rep1_N-3_A0_lowconc_rep1_N_AATGGAGGCC-CATCATAGCA_L001
",0.00,0.00,0.00,0.00,0.00,0.00,0.00,0.00,0.00,0.00,0.00,0.00,0.00,0.00,0.00,0.00,0.00,0.00,0.00,0.00,0.00,0.00,0.00,0.00,0.00,0.00,0.00,0.00,0.00,0.00,0.00,0.00,0.00,0.00,0.00,0.00,0.00,0.00,0.00,0.00,0.00,0.00,0.00,0.00,0.00,0.00,0.00,0.00,0.00,0.00,0.00,0.00,0.00,0.00,0.00,0.00,0.00,0.00,0.00,0.00,0.00,0.00,0.00,0.00,0.00,0.00,0.00,0.00,0.00,0.00,0.00,0.00,0.00,0.00,0.00,0.00,0.00,0.00,0.00,0.00,0.00,0.00,0.00,0.00,0.00,0.00,0.00,0.00,0.00,0.00,0.00,0.00,0.00,0.00,0.00,0.00,0.00,0.00,0.00,0.00,0.00,0.00,0.00,0.00,0.00,0.00,0.00,0.00,0.00,0.00,0.00,0.00,0.00,0.00,0.00,0.00,0.00,0.00,0.00,0.00,0.00,0.00,0.00,0.00,0.00,0.00,0.00,0.00,0.00,0.00,0.00,0.00,0.00,0.00,0.00,0.00,0.00,0.00,0.00,0.00,0.00,0.00,0.00,0.00,0.00,0.00,0.00,0.00,0.00,0.00,0.00,0.00,0.00,0.00,0,43,1
"3_A0_lowconc_rep2_N-3_A0_lowconc_rep2_N_AGCGGTATGA-ATCATCCTTC_L001
",0.00,0.00,0.00,0.00,0.00,0.00,0.00,0.00,0.00,0.00,0.00,0.00,0.00,0.00,0.00,0.00,0.00,0.00,0.00,0.00,0.00,0.00,0.00,0.00,0.00,0.00,0.00,0.00,0.00,0.00,0.00,0.00,0.00,0.00,0.00,0.00,0.00,0.00,0.00,0.00,0.00,0.00,0.00,0.00,0.00,0.00,0.00,0.00,0.00,0.00,0.00,0.00,0.00,0.00,0.00,0.00,0.00,0.00,0.00,0.00,0.00,0.00,0.00,0.00,0.00,0.00,0.00,0.00,0.00,0.00,0.00,0.00,0.00,0.00,0.00,0.00,0.00,0.00,0.00,0.00,0.00,0.00,0.00,0.00,0.00,0.00,0.00,0.00,0.00,0.00,0.00,0.00,0.00,0.00,0.00,0.00,0.00,0.00,0.00,0.00,0.00,0.00,0.00,0.00,0.00,0.00,0.00,0.00,0.00,0.00,0.00,0.00,0.00,0.00,0.00,0.00,0.00,0.00,0.00,0.00,0.00,0.00,0.00,0.00,0.00,0.00,0.00,0.00,0.00,0.00,0.00,0.00,0.00,0.00,0.00,0.00,0.00,0.00,0.00,0.00,0.00,0.00,0.00,0.00,0.00,0.00,0.00,0.00,0.00,0.00,0.00,0.00,0.00,0.00,0,44,1
"3_Ldn_100121_2_cond1_rep1_N-3_Ldn_100121_2_cond1_rep1_N_ACTACTTGCT-TCCGGCTGAT_L001
",146.30,0.00,0.00,0.00,185.60,0.00,0.00,0.00,751.40,558.90,0.00,0.00,0.00,23.70,0.00,0.00,0.00,0.00,366.40,0.00,687.00,0.00,0.00,0.00,"1,477.00","1,591.40",0.00,0.00,0.00,0.00,478.00,0.00,0.00,0.00,0.00,595.00,0.00,279.50,0.00,181.80,0.00,0.00,0.00,0.00,"1,541.00","1,012.70",0.00,0.00,0.00,0.00,0.00,693.00,0.00,349.50,0.00,0.00,0.00,0.00,0.00,0.00,0.00,0.00,"1,409.40","1,854.40",885.40,707.60,0.00,566.40,362.10,777.60,770.00,56.70,47.40,"1,086.30","1,081.60",0.00,"1,170.30","1,176.00",120.50,0.00,0.00,0.00,0.00,"1,113.20","1,290.60",0.00,0.00,0.00,264.00,0.00,210.00,624.00,"1,966.20","1,580.80",0.00,"2,025.00",0.00,330.40,0.00,0.00,0.00,0.00,0.00,0.00,0.00,0.00,0.00,0.00,0.00,0.00,576.00,"1,336.50",799.20,"2,232.00",0.00,0.00,80.00,0.00,0.00,0.00,0.00,0.00,0.00,0.00,0.00,0.00,0.00,576.80,0.00,0.00,0.00,0.00,0.00,0.00,0.00,0.00,446.40,0.00,0.00,147.00,516.60,0.00,0.00,"3,001.20","3,114.40",907.30,246.40,438.90,0.00,0.00,"1,975.00","3,678.40","6,298.50","4,294.40",63059.1,45,1
"3_Ldn_100121_2_cond2_rep2_N-3_Ldn_100121_2_cond2_rep2_N_TCCAGGATCG-GTCAACTAGC_L001
",355.30,159.60,351.50,0.00,324.80,0.00,0.00,0.00,707.20,0.00,201.00,0.00,0.00,0.00,0.00,109.80,0.00,0.00,0.00,0.00,"1,007.60","1,118.60",471.50,0.00,"2,257.70",0.00,0.00,0.00,0.00,0.00,573.60,0.00,0.00,0.00,0.00,0.00,421.20,0.00,0.00,0.00,23.30,0.00,0.00,582.40,"1,058.00",0.00,188.10,184.00,271.70,0.00,0.00,0.00,"1,957.00",0.00,693.00,0.00,0.00,0.00,0.00,0.00,0.00,385.60,"1,312.20","2,440.00","1,561.10","1,366.40","1,238.30","1,132.80","1,086.30","1,555.20","1,496.00",207.90,118.50,702.90,603.20,66.90,647.40,600.00,96.40,809.20,928.80,886.50,0.00,"1,742.40","2,031.50",0.00,0.00,478.80,0.00,0.00,0.00,0.00,"2,576.40","2,124.20",0.00,"2,875.00","2,250.60",0.00,0.00,0.00,0.00,0.00,0.00,0.00,0.00,0.00,0.00,0.00,295.20,0.00,470.40,"2,381.40","2,086.80","2,604.00",0.00,37.00,0.00,0.00,0.00,0.00,0.00,0.00,0.00,0.00,0.00,0.00,0.00,865.20,0.00,0.00,0.00,"1,476.00",979.90,0.00,0.00,0.00,0.00,0.00,0.00,367.50,541.20,492.00,"1,380.60","2,708.40","3,114.40","1,877.90",604.80,900.90,"2,075.00","2,749.50","4,950.00","7,260.00","10,546.90","6,954.00",104056.4,46,1
"3_Ldn_140121_2_cond1_rep2_N-3_Ldn_140121_2_cond1_rep2_N_TCGGATCCAT-CCGCCTCGTT_L001
",62.70,22.80,0.00,0.00,301.60,0.00,0.00,0.00,0.00,0.00,0.00,0.00,0.00,0.00,0.00,0.00,0.00,0.00,0.00,0.00,0.00,0.00,0.00,0.00,0.00,763.00,0.00,0.00,0.00,0.00,262.90,0.00,0.00,0.00,0.00,380.80,421.20,0.00,0.00,0.00,0.00,0.00,0.00,395.20,736.00,370.50,0.00,207.00,438.90,0.00,0.00,0.00,865.20,0.00,0.00,0.00,0.00,0.00,0.00,0.00,0.00,0.00,"1,336.50",0.00,0.00,0.00,203.00,0.00,0.00,121.50,132.00,37.80,0.00,468.60,0.00,0.00,722.10,744.00,96.40,0.00,0.00,0.00,0.00,0.00,0.00,0.00,0.00,0.00,0.00,0.00,0.00,672.00,"1,017.00",0.00,785.40,"3,225.00","2,637.80",590.00,0.00,0.00,0.00,0.00,0.00,0.00,0.00,0.00,0.00,0.00,0.00,0.00,393.60,"4,155.30",0.00,"4,786.40",0.00,0.00,340.00,0.00,0.00,0.00,729.00,496.80,0.00,0.00,0.00,877.80,0.00,700.40,616.20,0.00,0.00,0.00,0.00,0.00,0.00,0.00,"1,711.20","1,729.00",0.00,196.00,959.40,984.00,280.80,"1,756.80","2,679.30","1,329.30",0.00,161.70,350.00,470.00,900.00,"1,548.80","3,482.70","2,586.40",52237.8,47,1
"3_Ldn_100121_2_cond2_rep1_N-3_Ldn_100121_2_cond2_rep1_N_CGTAGGAGAT-AACGGATTAC_L001
",313.50,0.00,0.00,0.00,324.80,197.10,0.00,0.00,0.00,0.00,0.00,0.00,0.00,0.00,0.00,18.30,0.00,0.00,572.50,0.00,0.00,0.00,0.00,0.00,"1,413.70","1,591.40",0.00,0.00,0.00,0.00,0.00,438.00,0.00,0.00,169.00,0.00,678.60,0.00,315.90,0.00,0.00,0.00,46.80,748.80,0.00,395.20,104.50,0.00,668.80,0.00,0.00,840.00,"1,091.80",0.00,0.00,292.80,0.00,0.00,0.00,0.00,0.00,0.00,0.00,"1,342.00",0.00,683.20,548.10,0.00,0.00,996.30,968.00,113.40,71.10,702.90,0.00,89.20,0.00,"1,344.00",168.70,0.00,799.20,0.00,0.00,"1,137.40","1,362.30",0.00,514.50,0.00,242.00,0.00,0.00,552.00,"2,034.00","1,877.20",0.00,"1,725.00","1,500.40",401.20,0.00,0.00,0.00,0.00,0.00,0.00,0.00,0.00,0.00,0.00,0.00,0.00,633.60,"2,381.40","1,842.60","2,380.80",0.00,0.00,0.00,0.00,0.00,0.00,583.20,0.00,0.00,0.00,0.00,600.60,0.00,0.00,0.00,706.80,936.00,0.00,0.00,0.00,0.00,0.00,0.00,0.00,0.00,196.00,541.20,0.00,0.00,"3,220.80","3,595.30","1,477.00",403.20,693.00,"1,450.00","1,598.00","3,200.00","4,307.60","7,113.60","5,490.00",72744.3,48,1
"3_Ldn_140121_2_cond2_rep2_N-3_Ldn_140121_2_cond2_rep2_N_TATTATATCC-CCGATACTCT_L001
",0.00,0.00,0.00,0.00,69.60,0.00,0.00,0.00,397.80,0.00,0.00,0.00,0.00,0.00,0.00,0.00,20.70,0.00,0.00,0.00,961.80,"1,118.60",0.00,0.00,0.00,0.00,0.00,0.00,0.00,0.00,0.00,810.30,0.00,0.00,0.00,571.20,0.00,0.00,0.00,242.40,163.10,0.00,0.00,915.20,"1,495.00",0.00,229.90,0.00,564.30,0.00,0.00,525.00,721.00,442.70,0.00,0.00,0.00,0.00,0.00,98.80,0.00,216.90,874.80,"1,317.60",0.00,0.00,0.00,330.40,276.90,631.80,748.00,151.20,47.40,617.70,0.00,0.00,547.80,480.00,120.50,0.00,0.00,0.00,0.00,0.00,908.20,0.00,367.50,0.00,0.00,0.00,0.00,0.00,0.00,"1,111.50",499.80,"2,025.00","1,694.00",0.00,0.00,0.00,0.00,0.00,0.00,0.00,0.00,0.00,0.00,0.00,0.00,0.00,470.40,"1,798.20","1,420.80","4,067.20",0.00,0.00,0.00,0.00,0.00,0.00,0.00,0.00,0.00,0.00,782.10,900.90,0.00,0.00,0.00,387.60,0.00,984.00,0.00,0.00,0.00,0.00,"1,016.80",0.00,0.00,147.00,688.80,738.00,"1,404.00","3,562.40","3,664.00","1,455.90",224.00,531.30,800.00,"1,574.50","2,000.00","2,226.40","3,779.10","2,488.80",59426.6,49,1
"3_Ldn_100121_2_cond1_rep2_N-3_Ldn_100121_2_cond1_rep2_N_ATTCCAGGTC-ACCAGAACCA_L001
",0.00,319.20,425.50,0.00,0.00,0.00,0.00,0.00,265.20,0.00,0.00,0.00,0.00,94.80,0.00,0.00,124.20,0.00,297.70,0.00,0.00,0.00,0.00,0.00,"1,308.20","1,678.60",0.00,0.00,0.00,0.00,669.20,635.10,0.00,0.00,0.00,0.00,0.00,0.00,0.00,0.00,163.10,0.00,0.00,"2,704.00","3,105.00",0.00,501.60,506.00,836.00,0.00,0.00,"1,218.00",0.00,699.00,438.90,0.00,257.40,0.00,0.00,0.00,446.40,602.50,"2,016.90","2,684.00","1,118.40","1,244.40","1,218.00",0.00,"1,001.10","1,701.00","1,760.00",151.20,237.00,660.30,436.80,66.90,871.50,888.00,216.90,"1,071.00","1,274.40","1,300.20",0.00,"2,444.20","3,369.90","2,224.60","1,641.50","1,140.00",0.00,0.00,0.00,"1,032.00","1,717.60","1,136.20",928.20,0.00,"2,904.00",472.00,367.50,0.00,0.00,0.00,0.00,0.00,0.00,0.00,0.00,0.00,0.00,0.00,0.00,0.00,599.40,396.80,0.00,18.50,40.00,0.00,0.00,0.00,0.00,0.00,0.00,0.00,0.00,0.00,"1,045.20",782.80,0.00,0.00,0.00,0.00,0.00,0.00,647.40,0.00,0.00,0.00,0.00,416.50,0.00,123.00,"3,416.40","4,709.20","2,496.10","1,371.50",716.80,"1,478.40","5,000.00","6,063.00","7,850.00","11,882.20","19,216.60","13,224.80",138085.9,50,1
"3_Ldn_120121_2_cond1_rep2_N-3_Ldn_120121_2_cond1_rep2_N_TTCGGTATAC-TCGGAATAAC_L001
",0.00,0.00,0.00,0.00,255.20,0.00,0.00,0.00,442.00,434.70,0.00,0.00,0.00,0.00,0.00,0.00,0.00,0.00,503.80,0.00,0.00,0.00,0.00,0.00,759.60,0.00,0.00,0.00,0.00,0.00,0.00,0.00,0.00,0.00,0.00,0.00,0.00,0.00,0.00,202.00,163.10,0.00,93.60,"1,060.80","1,311.00",469.30,188.10,345.00,0.00,0.00,0.00,0.00,"1,421.40",0.00,0.00,0.00,0.00,0.00,0.00,0.00,0.00,144.60,0.00,951.60,0.00,0.00,0.00,401.20,383.40,923.40,902.00,0.00,47.40,553.80,499.20,0.00,0.00,600.00,24.10,0.00,0.00,0.00,0.00,0.00,0.00,0.00,0.00,0.00,286.00,195.20,0.00,0.00,0.00,"1,037.40",0.00,"1,575.00","1,258.40",0.00,294.00,0.00,0.00,0.00,0.00,0.00,0.00,0.00,0.00,0.00,0.00,0.00,0.00,0.00,0.00,0.00,0.00,0.00,0.00,0.00,0.00,0.00,0.00,0.00,0.00,0.00,0.00,0.00,0.00,597.40,0.00,0.00,0.00,861.00,0.00,0.00,0.00,0.00,0.00,0.00,0.00,0.00,123.00,73.80,"1,076.40","2,269.20","1,923.60",949.50,515.20,993.30,"1,450.00","1,903.50",0.00,"4,259.20","9,015.50","6,173.20",49910.1,51,1
"3_Ldn_120121_2_cond1_rep1_N-3_Ldn_120121_2_cond1_rep1_N_GATCCGGTTG-GGATGCGATT_L001
",188.10,0.00,0.00,0.00,92.80,0.00,0.00,0.00,0.00,124.20,0.00,0.00,0.00,0.00,0.00,0.00,0.00,0.00,0.00,0.00,0.00,0.00,0.00,0.00,0.00,0.00,0.00,0.00,0.00,0.00,0.00,0.00,0.00,0.00,0.00,0.00,0.00,0.00,0.00,0.00,0.00,0.00,0.00,228.80,0.00,0.00,0.00,0.00,0.00,0.00,0.00,420.00,494.40,0.00,0.00,0.00,0.00,0.00,0.00,0.00,0.00,0.00,0.00,0.00,0.00,317.20,0.00,0.00,0.00,388.80,374.00,18.90,0.00,170.40,145.60,0.00,348.60,360.00,48.20,285.60,0.00,374.30,0.00,629.20,717.00,408.60,0.00,0.00,0.00,0.00,0.00,0.00,0.00,0.00,0.00,875.00,822.80,0.00,0.00,0.00,0.00,0.00,0.00,0.00,0.00,0.00,0.00,0.00,0.00,0.00,0.00,0.00,0.00,0.00,0.00,0.00,0.00,0.00,0.00,0.00,243.00,0.00,0.00,0.00,0.00,0.00,0.00,0.00,0.00,0.00,0.00,0.00,0.00,0.00,0.00,0.00,0.00,0.00,0.00,122.50,73.80,0.00,0.00,"1,000.40","1,167.90",590.80,0.00,508.20,900.00,"1,222.00","1,850.00","3,412.20","5,458.70","3,318.40",27700.4,52,1
"3_Ldn_130121_2_cond1_rep1_N-3_Ldn_130121_2_cond1_rep1_N_AGATCGAATA-GCGCCTTCCG_L001
","1,149.50",0.00,0.00,0.00,858.40,284.70,0.00,0.00,508.30,496.80,0.00,0.00,0.00,0.00,0.00,109.80,0.00,0.00,0.00,0.00,0.00,0.00,0.00,0.00,0.00,"1,547.80",0.00,0.00,0.00,0.00,669.20,635.10,0.00,23.70,0.00,0.00,0.00,0.00,0.00,323.20,233.00,0.00,210.60,"1,830.40","2,139.00",839.80,522.50,736.00,"1,003.20",0.00,0.00,"2,562.00","2,863.40",605.80,0.00,366.00,257.40,885.60,0.00,0.00,0.00,530.20,0.00,"3,489.20",0.00,"1,781.20","1,583.40","1,180.00",937.20,"2,041.20","2,024.00",94.50,71.10,"1,384.50","1,372.80",89.20,"1,070.70","1,104.00",168.70,"1,261.40",0.00,"1,241.10",0.00,"2,904.00","3,298.20","1,929.50","1,666.00",0.00,0.00,0.00,0.00,"1,176.00","2,486.00",0.00,904.40,"3,975.00","3,581.60",826.00,0.00,0.00,333.20,0.00,191.20,0.00,0.00,0.00,0.00,512.40,492.00,0.00,0.00,"1,822.50","1,798.20","3,521.60",0.00,37.00,0.00,0.00,0.00,0.00,0.00,0.00,0.00,0.00,0.00,0.00,"1,125.60","1,648.00","1,113.90",0.00,984.00,0.00,"1,959.80",0.00,0.00,0.00,471.20,0.00,0.00,416.50,295.20,0.00,"1,380.60","4,587.20","5,289.90","2,426.50",873.60,"1,824.90","2,475.00","3,125.50","6,150.00","8,010.20","10,744.50","7,027.20",136469.7,53,1
"3_Ldn_130121_2_cond2_rep1_N-3_Ldn_130121_2_cond2_rep1_N_TAATAGCGTT-TATTCGCAGT_L001
",0.00,182.40,0.00,0.00,580.00,0.00,0.00,0.00,419.90,372.60,0.00,48.20,0.00,0.00,0.00,0.00,0.00,0.00,549.60,0.00,0.00,0.00,0.00,0.00,"1,666.90","2,398.00",864.00,0.00,0.00,168.00,645.30,613.20,0.00,0.00,0.00,0.00,0.00,0.00,0.00,202.00,69.90,0.00,93.60,644.80,"1,357.00",913.90,0.00,253.00,543.40,326.20,0.00,"1,281.00","1,545.00",0.00,0.00,0.00,0.00,0.00,0.00,0.00,496.00,0.00,"2,381.40","2,732.80",0.00,732.00,0.00,0.00,447.30,"1,263.60","1,232.00",94.50,0.00,937.20,852.80,0.00,"1,145.40","1,128.00",144.60,0.00,0.00,886.50,656.00,"1,040.60","1,577.40",0.00,857.50,0.00,484.00,292.80,0.00,"1,320.00","3,231.80","2,865.20",0.00,"1,750.00","1,282.60",401.20,0.00,0.00,380.80,0.00,0.00,0.00,0.00,0.00,0.00,0.00,221.40,0.00,0.00,"1,749.60","1,531.80",0.00,0.00,0.00,0.00,0.00,0.00,223.60,0.00,0.00,0.00,606.10,0.00,0.00,0.00,"1,030.00",0.00,0.00,0.00,"1,746.60",0.00,0.00,0.00,0.00,0.00,0.00,0.00,367.50,885.60,836.40,"2,035.80","3,830.80","3,801.40","2,110.00",515.20,877.80,"2,000.00","2,514.50","3,800.00","5,469.20","8,299.20","5,758.40",96562.8,54,1
"3_Ldn_110121_2_cond2_rep2_N-3_Ldn_110121_2_cond2_rep2_N_GCTTCTTCGT-GTAACCAGGT_L001
","1,546.60",0.00,555.00,"1,478.40","1,577.60",613.20,363.20,0.00,"1,348.10",0.00,0.00,144.60,119.00,0.00,273.60,0.00,0.00,473.00,"1,213.70",0.00,0.00,"3,213.00",0.00,0.00,0.00,"6,365.60","1,771.20",0.00,0.00,336.00,"1,362.30","1,314.00",0.00,0.00,422.50,"1,927.80","1,755.00",0.00,0.00,"1,030.20",722.30,836.00,819.00,"4,035.20","6,417.00","3,359.20",982.30,"1,334.00","1,839.20",0.00,0.00,"7,434.00","8,240.00",0.00,"1,062.60",707.60,0.00,0.00,"1,276.00",469.30,"1,091.20","1,036.30","5,540.40","7,246.80",0.00,"3,074.40","2,679.60","2,194.80","1,895.70","2,575.80","2,376.00",151.20,165.90,"2,769.00","2,683.20",200.70,"3,610.50","3,552.00",241.00,"1,808.80",0.00,"2,167.00",0.00,"3,702.60","4,397.60",0.00,0.00,"1,117.20","1,100.00",0.00,"1,239.00","2,208.00","6,328.00","5,804.50","1,999.20","9,600.00","8,518.40","1,888.00","1,935.50",323.00,809.20,853.20,0.00,245.30,0.00,0.00,0.00,0.00,664.20,0.00,"1,046.40",0.00,"4,018.20","9,895.20",92.00,0.00,400.00,0.00,0.00,0.00,"2,551.50","2,095.20",0.00,"2,090.00",0.00,"2,194.50",0.00,"2,575.00","2,014.50","1,573.20","1,560.00","3,296.40",0.00,0.00,"2,988.00","2,589.40","2,827.20","2,445.30",0.00,"3,136.00","5,092.20","4,182.00",351.00,439.20,"8,953.90","9,495.00","3,180.80","7,207.20","10,075.00","13,583.00","20,550.00","24,563.00","27,170.00","15,640.40",368401.2,55,1
"3_Ldn_130121_2_cond1_rep2_N-3_Ldn_130121_2_cond1_rep2_N_GTTGCTCTAA-AATTCCTCTC_L001
",836.00,0.00,0.00,0.00,997.60,284.70,0.00,0.00,707.20,745.20,0.00,72.30,95.20,0.00,342.00,292.80,207.00,301.00,"1,145.00","1,287.00",0.00,0.00,0.00,0.00,"2,595.30","3,444.40","1,317.60",400.40,0.00,0.00,0.00,0.00,0.00,0.00,0.00,0.00,0.00,451.50,0.00,464.60,0.00,198.00,0.00,"2,392.00","3,082.00","1,432.60",689.70,"1,173.00","1,546.60",419.40,0.00,0.00,"4,696.80","1,048.50","1,108.80",0.00,0.00,"1,328.40","1,229.60",469.30,620.00,698.90,"4,155.30","5,660.80",0.00,"2,952.40","2,801.40","2,950.00","2,321.70","3,377.70","3,322.00",0.00,189.60,"1,725.30","1,601.60",156.10,0.00,"1,608.00",289.20,"1,570.80","1,771.20","2,029.10",0.00,"5,178.80","5,975.00","2,519.70","1,935.50","1,276.80","1,078.00",414.80,798.00,0.00,"5,672.60","4,816.50","1,808.80","6,700.00","5,275.60",0.00,0.00,380.00,571.20,0.00,0.00,0.00,0.00,0.00,269.50,0.00,0.00,0.00,595.20,"1,773.90","1,665.00","2,132.80",0.00,92.50,0.00,0.00,0.00,0.00,"1,749.60",0.00,572.40,856.90,0.00,0.00,"1,849.20","2,224.80","1,422.00","1,299.60","1,680.00","4,993.80","4,063.00",0.00,0.00,0.00,0.00,0.00,0.00,759.50,910.20,639.60,0.00,"7,368.80","8,793.60",0.00,"2,038.40","3,465.00","5,525.00","7,050.00","10,600.00","14,955.60","21,810.10","13,834.80",245994.7,56,1
"3_Ldn_120121_2_cond2_rep1_N-3_Ldn_120121_2_cond2_rep1_N_AAGGAAGACG-TGGCAGCGAA_L001
",0.00,0.00,0.00,0.00,92.80,0.00,0.00,0.00,0.00,0.00,0.00,0.00,0.00,0.00,0.00,0.00,0.00,0.00,297.70,327.60,0.00,0.00,0.00,0.00,0.00,0.00,0.00,0.00,0.00,0.00,0.00,0.00,0.00,0.00,0.00,0.00,210.60,0.00,0.00,0.00,0.00,0.00,0.00,0.00,644.00,247.00,0.00,0.00,0.00,0.00,0.00,0.00,597.40,0.00,0.00,0.00,0.00,0.00,0.00,0.00,0.00,0.00,0.00,585.60,0.00,0.00,304.50,0.00,0.00,145.80,0.00,0.00,0.00,383.40,395.20,0.00,0.00,192.00,24.10,0.00,0.00,0.00,0.00,0.00,597.50,385.90,269.50,0.00,0.00,0.00,0.00,168.00,452.00,0.00,0.00,575.00,0.00,0.00,122.50,0.00,0.00,0.00,0.00,0.00,0.00,0.00,0.00,0.00,0.00,0.00,0.00,0.00,0.00,0.00,0.00,0.00,0.00,0.00,0.00,0.00,0.00,0.00,0.00,0.00,0.00,0.00,0.00,0.00,0.00,0.00,0.00,0.00,382.40,0.00,0.00,0.00,0.00,0.00,0.00,49.00,73.80,0.00,0.00,854.00,847.30,0.00,0.00,277.20,550.00,611.00,"1,275.00","1,645.60","3,013.40","2,366.80",18963.6,57,1
"3_Ldn_120121_2_cond2_rep2_N-3_Ldn_120121_2_cond2_rep2_N_AGCATCCAGT-CGTACTACGC_L001
",41.80,0.00,0.00,0.00,0.00,0.00,0.00,0.00,66.30,0.00,0.00,0.00,0.00,0.00,0.00,0.00,0.00,0.00,206.10,0.00,0.00,0.00,0.00,0.00,379.80,0.00,0.00,0.00,0.00,0.00,0.00,0.00,0.00,0.00,0.00,0.00,0.00,0.00,0.00,0.00,0.00,0.00,0.00,395.20,460.00,98.80,0.00,0.00,0.00,0.00,0.00,0.00,0.00,0.00,0.00,0.00,0.00,0.00,0.00,0.00,0.00,0.00,0.00,0.00,0.00,0.00,0.00,0.00,0.00,170.10,132.00,0.00,0.00,255.60,0.00,0.00,0.00,624.00,24.10,0.00,0.00,0.00,0.00,508.20,669.20,385.90,269.50,0.00,0.00,0.00,0.00,0.00,565.00,568.10,0.00,0.00,0.00,0.00,0.00,0.00,119.00,0.00,0.00,0.00,0.00,0.00,0.00,0.00,0.00,0.00,0.00,0.00,0.00,719.20,0.00,0.00,0.00,0.00,0.00,0.00,0.00,0.00,0.00,0.00,0.00,0.00,0.00,0.00,0.00,0.00,0.00,0.00,0.00,0.00,0.00,0.00,0.00,0.00,0.00,0.00,0.00,0.00,351.00,"1,317.60","1,465.60",0.00,179.20,231.00,350.00,517.00,"1,075.00","1,427.80","3,408.60","2,732.80",19713.5,58,1
"3_Ldn_110121_2_cond1_rep1_N-3_Ldn_110121_2_cond1_rep1_N_GAAGCTGAAG-CAGTATCCTT_L001
","1,630.20",570.00,0.00,0.00,"1,276.00",0.00,0.00,0.00,"1,591.20","1,511.10",0.00,72.30,23.80,94.80,0.00,0.00,0.00,0.00,847.30,0.00,"1,053.40","1,285.20",0.00,0.00,"2,299.90",0.00,0.00,0.00,306.00,0.00,693.10,0.00,48.20,0.00,0.00,0.00,0.00,0.00,461.70,343.40,256.30,264.00,327.60,"2,371.20","3,036.00","1,284.40",564.30,759.00,"1,065.90",372.80,0.00,"6,195.00","6,715.60","1,001.90",646.80,0.00,0.00,885.60,0.00,0.00,0.00,0.00,"3,159.00","4,465.20","2,283.40","2,854.80","2,456.30",0.00,0.00,"2,089.80","1,936.00",189.00,189.60,"1,448.40","1,331.20",111.50,"2,315.70","2,280.00",216.90,"1,785.00","2,203.20","2,423.10",0.00,"3,654.20","4,445.40","2,701.30","1,984.50",0.00,"1,276.00",561.20,"1,029.00",0.00,"5,401.40","4,446.00",904.40,"4,425.00","3,823.60",944.00,0.00,0.00,428.40,474.00,0.00,133.80,173.60,0.00,0.00,0.00,0.00,0.00,537.60,0.00,"2,752.80","3,720.00",0.00,0.00,0.00,0.00,0.00,533.20,0.00,"2,181.60",869.20,"1,274.90",0.00,"1,547.70","1,527.60","2,801.60","2,298.90","1,755.60",0.00,"4,944.60","4,278.10",0.00,"2,938.20","2,734.60","1,240.00",741.00,"1,213.70","1,935.50","2,189.40","1,476.00",0.00,317.20,"8,656.20","8,440.00","3,001.60","6,906.90","8,800.00","11,468.00","16,175.00","21,683.20","24,428.30","12,053.60",277819.7,59,1
"3_Ldn_130121_2_cond2_rep2_N-3_Ldn_130121_2_cond2_rep2_N_TCCGATCTGA-CATCTTCAGA_L001
",815.10,0.00,370.00,0.00,788.80,372.30,0.00,255.60,486.20,558.90,0.00,48.20,0.00,0.00,0.00,0.00,0.00,236.50,916.00,0.00,0.00,0.00,0.00,0.00,"2,869.60","3,400.80",928.80,0.00,0.00,0.00,908.20,0.00,0.00,0.00,0.00,499.80,0.00,301.00,0.00,0.00,233.00,0.00,93.60,"2,100.80","2,898.00","1,259.70",522.50,0.00,919.60,0.00,0.00,0.00,"3,254.80",0.00,947.10,0.00,0.00,0.00,765.60,0.00,0.00,771.20,"3,815.10","4,660.40","1,351.40","1,805.60","1,684.90",0.00,"1,107.60","1,725.30","1,672.00",151.20,165.90,788.10,728.00,111.50,"1,568.70","1,536.00",216.90,"1,570.80","1,857.60","1,438.10","1,004.50","2,904.00",0.00,"2,156.50","1,445.50",0.00,0.00,439.20,"1,113.00","1,464.00","4,881.60","4,569.50","1,618.40","4,550.00","3,436.40",991.20,0.00,285.00,0.00,0.00,0.00,0.00,0.00,0.00,0.00,0.00,0.00,0.00,547.20,"2,818.80","2,930.40","2,752.80",23.00,55.50,120.00,0.00,0.00,0.00,0.00,648.00,593.60,"1,003.20",0.00,"1,062.60","1,306.50","1,668.60",0.00,0.00,0.00,"2,091.00",0.00,0.00,0.00,0.00,644.80,0.00,0.00,392.00,565.80,467.40,"2,831.40","5,538.80","6,755.50","4,093.40","1,500.80","2,286.90","4,175.00","5,029.00","6,800.00","9,994.60","12,819.30","7,686.00",175537.5,60,1
"3_Ldn_140121_2_cond1_rep1_N-3_Ldn_140121_2_cond1_rep1_N_TTCTTGGAAG-CCATTGCTGG_L001
",0.00,0.00,0.00,0.00,232.00,109.50,0.00,0.00,596.70,434.70,0.00,48.20,0.00,0.00,0.00,0.00,0.00,0.00,343.50,0.00,961.80,0.00,0.00,0.00,0.00,0.00,0.00,0.00,0.00,0.00,0.00,722.70,0.00,0.00,0.00,547.40,0.00,0.00,0.00,0.00,139.80,0.00,70.20,416.00,"1,104.00",716.30,0.00,0.00,0.00,0.00,0.00,0.00,0.00,0.00,0.00,0.00,0.00,0.00,0.00,0.00,0.00,0.00,0.00,"2,318.00",0.00,414.80,0.00,0.00,0.00,534.60,550.00,0.00,23.70,276.90,0.00,0.00,971.10,984.00,96.40,0.00,0.00,0.00,0.00,0.00,0.00,0.00,0.00,0.00,0.00,0.00,189.00,336.00,"1,875.80","1,827.80",0.00,"1,075.00",871.20,448.40,441.00,0.00,0.00,0.00,0.00,0.00,0.00,0.00,0.00,268.40,0.00,0.00,480.00,"3,329.10","2,908.20","3,819.20",0.00,0.00,0.00,0.00,0.00,0.00,631.80,0.00,0.00,0.00,0.00,0.00,482.40,638.60,0.00,0.00,0.00,0.00,0.00,0.00,0.00,0.00,0.00,0.00,0.00,196.00,"1,525.20",0.00,748.80,"2,196.00","2,702.20","1,287.10",156.80,277.20,0.00,0.00,"1,100.00","1,621.40","3,729.70","2,903.60",50678.2,61,1
"3_Ldn_110121_2_cond2_rep1_N-3_Ldn_110121_2_cond2_rep1_N_GGCGGCGTAT-GTCTCTAGTT_L001
","1,065.90",319.20,351.50,0.00,788.80,350.40,0.00,0.00,"1,259.70",0.00,0.00,0.00,0.00,71.10,0.00,164.70,0.00,365.50,732.80,0.00,"1,328.20","1,618.40",0.00,0.00,"2,468.70",0.00,0.00,0.00,0.00,0.00,956.00,0.00,0.00,0.00,0.00,"1,166.20",0.00,0.00,753.30,585.80,419.40,506.00,514.80,"2,953.60","3,887.00",0.00,501.60,598.00,961.40,0.00,0.00,"5,397.00","5,871.00",768.90,0.00,488.00,0.00,0.00,0.00,0.00,620.00,0.00,"2,551.50","3,489.20","1,747.50",0.00,"1,766.10","1,581.20","1,320.60","1,458.00","1,342.00",75.60,0.00,"1,512.30",0.00,111.50,"2,241.00","2,208.00",144.60,904.40,"1,036.80",0.00,0.00,0.00,"2,103.20","1,475.50","1,078.00",0.00,616.00,0.00,756.00,"1,416.00","3,683.80","3,087.50",0.00,"4,125.00","3,751.00","1,014.80","1,004.50",0.00,0.00,0.00,0.00,0.00,248.00,0.00,0.00,0.00,0.00,0.00,700.80,"3,717.90","3,241.20","6,026.40",46.00,148.00,220.00,0.00,0.00,464.40,0.00,"1,857.60",0.00,982.30,0.00,0.00,0.00,"1,648.00",0.00,843.60,0.00,0.00,0.00,0.00,0.00,0.00,0.00,"1,111.50",0.00,0.00,"2,386.20","2,017.20",163.80,317.20,0.00,"6,625.40","2,284.80","5,959.80","7,050.00","8,436.50","13,300.00","15,851.00","18,203.90","10,418.80",199704.8,62,1
"3_Ldn_110121_2_cond1_rep2_N-3_Ldn_110121_2_cond1_rep2_N_TGAACTTCTT-GCGAGCGCTC_L001
","2,340.80","1,003.20",943.50,0.00,"3,340.80",897.90,0.00,0.00,"3,978.00","3,332.70",0.00,168.70,119.00,189.60,296.40,366.00,310.50,752.50,"1,763.30","1,684.80","2,427.40",0.00,0.00,761.60,"5,654.80","7,281.20","2,008.80",0.00,0.00,0.00,"1,266.70","1,182.60",0.00,142.20,456.30,"2,332.40","2,246.40","1,483.50","1,506.60",989.80,0.00,506.00,561.60,"4,638.40","6,394.00","3,112.20","1,358.50","1,978.00","2,758.80",0.00,0.00,"11,067.00","12,277.60",0.00,"1,617.00","1,122.40",585.00,"2,509.20","2,436.00",0.00,"1,661.60","1,518.30","6,876.90","9,906.40","4,613.40","4,514.00","4,425.40","3,894.00","2,939.40","5,005.80","4,972.00",359.10,213.30,"5,154.60","5,075.20",223.00,"5,154.30","5,160.00",409.70,"2,951.20","3,326.40","4,215.80","3,628.50","7,332.60","8,532.30","4,403.80","3,601.50","1,824.00","1,848.00",976.00,"1,890.00","4,296.00","8,678.40","6,594.90","2,879.80","12,625.00","10,720.60","3,492.80","3,503.50",0.00,0.00,876.90,0.00,468.30,0.00,0.00,0.00,"1,268.80","1,180.80",282.00,"1,180.80","9,647.10","9,035.40","13,317.60",0.00,296.00,0.00,273.90,0.00,"1,272.80","5,467.50","4,730.40","1,208.40","2,299.00","2,298.90","3,280.20","3,115.50",0.00,"4,147.50",0.00,0.00,"9,274.20","7,887.00","2,687.50","4,731.00",0.00,"2,752.80",0.00,0.00,"3,209.50","4,501.80","3,591.60",514.80,756.40,"12,961.40","13,757.20","5,308.80","10,487.40","12,125.00","16,309.00","24,300.00","33,275.00","37,124.10","18,641.60",563391.1,63,1
"3_Bangor_5077_B2-3_Bangor_5077_B2_AATCGAGCAA-TACTGCTCGG_L001
",0.00,0.00,0.00,0.00,0.00,0.00,0.00,0.00,0.00,0.00,0.00,0.00,0.00,0.00,0.00,0.00,0.00,0.00,0.00,0.00,0.00,0.00,0.00,0.00,0.00,0.00,0.00,0.00,0.00,0.00,0.00,0.00,0.00,0.00,0.00,0.00,0.00,0.00,0.00,0.00,0.00,0.00,0.00,0.00,0.00,0.00,0.00,0.00,0.00,0.00,0.00,0.00,0.00,0.00,0.00,0.00,0.00,0.00,0.00,0.00,0.00,0.00,0.00,0.00,0.00,0.00,0.00,0.00,0.00,0.00,0.00,0.00,0.00,0.00,0.00,0.00,0.00,0.00,0.00,0.00,0.00,0.00,0.00,0.00,0.00,0.00,0.00,0.00,0.00,0.00,0.00,0.00,0.00,0.00,0.00,0.00,0.00,0.00,0.00,0.00,0.00,0.00,0.00,0.00,0.00,0.00,0.00,0.00,0.00,0.00,0.00,0.00,0.00,0.00,0.00,0.00,0.00,0.00,0.00,0.00,0.00,0.00,0.00,0.00,0.00,0.00,0.00,0.00,0.00,0.00,0.00,0.00,0.00,0.00,0.00,0.00,0.00,0.00,0.00,0.00,0.00,0.00,0.00,0.00,0.00,0.00,0.00,0.00,0.00,0.00,0.00,0.00,0.00,0.00,0,64,1
"3_Bangor_5006_D1-3_Bangor_5006_D1_CAAGCGGAGC-CGAGATAAGA_L001
",0.00,0.00,0.00,0.00,0.00,0.00,0.00,0.00,0.00,0.00,0.00,0.00,0.00,0.00,0.00,0.00,0.00,0.00,0.00,0.00,0.00,0.00,0.00,0.00,337.60,327.00,0.00,0.00,0.00,0.00,0.00,0.00,0.00,0.00,0.00,523.60,0.00,0.00,0.00,0.00,0.00,0.00,0.00,0.00,0.00,0.00,62.70,0.00,0.00,0.00,0.00,0.00,0.00,0.00,161.70,0.00,0.00,0.00,0.00,0.00,0.00,96.40,0.00,0.00,0.00,0.00,121.80,0.00,0.00,0.00,0.00,0.00,0.00,0.00,0.00,0.00,0.00,0.00,0.00,0.00,0.00,0.00,0.00,0.00,0.00,0.00,0.00,0.00,0.00,0.00,0.00,0.00,0.00,0.00,0.00,875.00,871.20,0.00,245.00,0.00,0.00,0.00,0.00,0.00,0.00,0.00,0.00,0.00,0.00,0.00,0.00,0.00,0.00,0.00,0.00,0.00,0.00,0.00,0.00,0.00,0.00,0.00,0.00,0.00,0.00,0.00,0.00,0.00,0.00,0.00,0.00,0.00,0.00,0.00,0.00,0.00,0.00,0.00,0.00,0.00,0.00,0.00,46.80,341.60,778.60,506.40,0.00,0.00,25.00,0.00,125.00,266.20,642.20,488.00,6841.8,65,1
"3_Bangor_5004_C1-3_Bangor_5004_C1_TAGTCTACTT-CAAGTCAGCA_L001
",0.00,0.00,0.00,0.00,0.00,0.00,0.00,0.00,0.00,0.00,0.00,0.00,0.00,0.00,0.00,0.00,0.00,0.00,0.00,0.00,0.00,0.00,0.00,0.00,0.00,0.00,0.00,0.00,0.00,0.00,0.00,0.00,0.00,0.00,0.00,0.00,0.00,0.00,0.00,0.00,0.00,0.00,0.00,0.00,0.00,0.00,0.00,0.00,0.00,0.00,0.00,0.00,0.00,0.00,0.00,0.00,0.00,0.00,0.00,0.00,0.00,0.00,0.00,146.40,0.00,0.00,0.00,0.00,0.00,0.00,0.00,0.00,0.00,0.00,0.00,0.00,0.00,0.00,0.00,0.00,0.00,0.00,0.00,0.00,0.00,0.00,0.00,0.00,0.00,0.00,0.00,0.00,226.00,0.00,95.20,0.00,314.60,118.00,0.00,0.00,0.00,0.00,0.00,0.00,0.00,0.00,0.00,0.00,0.00,0.00,0.00,413.10,0.00,0.00,0.00,0.00,0.00,0.00,0.00,0.00,0.00,0.00,0.00,0.00,0.00,0.00,0.00,0.00,0.00,0.00,0.00,270.60,0.00,0.00,0.00,0.00,0.00,0.00,0.00,0.00,0.00,0.00,46.80,195.20,160.30,0.00,0.00,0.00,25.00,0.00,75.00,290.40,642.20,390.40,3409.2,66,1
"3_Bangor_4962_B1-3_Bangor_4962_B1_AATGCATTAT-TCGCAAGACG_L001
",0.00,0.00,0.00,0.00,0.00,0.00,0.00,0.00,0.00,0.00,0.00,0.00,0.00,0.00,0.00,0.00,0.00,0.00,0.00,0.00,0.00,0.00,0.00,0.00,0.00,0.00,0.00,0.00,0.00,0.00,0.00,0.00,0.00,0.00,0.00,0.00,0.00,0.00,0.00,0.00,0.00,0.00,0.00,0.00,0.00,0.00,0.00,0.00,0.00,0.00,0.00,0.00,0.00,0.00,0.00,0.00,0.00,0.00,0.00,0.00,0.00,0.00,0.00,0.00,0.00,0.00,0.00,0.00,0.00,0.00,0.00,0.00,0.00,0.00,0.00,0.00,0.00,0.00,0.00,0.00,0.00,0.00,0.00,0.00,0.00,0.00,0.00,0.00,0.00,0.00,0.00,0.00,0.00,0.00,0.00,0.00,0.00,0.00,0.00,0.00,0.00,0.00,0.00,0.00,0.00,0.00,0.00,0.00,0.00,0.00,0.00,0.00,0.00,0.00,0.00,0.00,0.00,0.00,0.00,0.00,0.00,0.00,0.00,0.00,0.00,0.00,0.00,0.00,0.00,0.00,0.00,0.00,0.00,0.00,0.00,0.00,0.00,0.00,0.00,0.00,0.00,0.00,0.00,0.00,0.00,0.00,0.00,0.00,0.00,0.00,0.00,0.00,0.00,0.00,0,67,1
"3_Bangor_5115_A2-3_Bangor_5115_A2_TACGAATTAA-ACCAGTTATT_L001
",0.00,0.00,0.00,0.00,0.00,0.00,0.00,0.00,0.00,0.00,0.00,0.00,0.00,0.00,0.00,0.00,0.00,0.00,0.00,0.00,0.00,0.00,0.00,0.00,0.00,0.00,0.00,0.00,0.00,0.00,0.00,0.00,0.00,0.00,0.00,0.00,0.00,0.00,0.00,0.00,0.00,0.00,0.00,0.00,0.00,0.00,0.00,0.00,0.00,0.00,0.00,0.00,0.00,0.00,0.00,0.00,0.00,0.00,0.00,0.00,0.00,0.00,0.00,0.00,0.00,0.00,0.00,0.00,0.00,0.00,0.00,0.00,0.00,0.00,0.00,0.00,0.00,0.00,0.00,0.00,0.00,0.00,0.00,0.00,0.00,0.00,0.00,0.00,0.00,0.00,0.00,0.00,0.00,0.00,0.00,0.00,0.00,0.00,0.00,0.00,0.00,0.00,0.00,0.00,0.00,0.00,0.00,0.00,0.00,0.00,0.00,0.00,0.00,0.00,0.00,0.00,0.00,0.00,0.00,0.00,0.00,0.00,0.00,0.00,0.00,0.00,0.00,0.00,0.00,0.00,0.00,0.00,0.00,0.00,0.00,0.00,0.00,0.00,0.00,0.00,0.00,0.00,0.00,0.00,0.00,0.00,0.00,0.00,0.00,0.00,0.00,0.00,0.00,0.00,0,68,1
"3_Bangor_5009_E1-3_Bangor_5009_E1_ACGAGAATCA-CGGCGCTCAA_L001
",0.00,0.00,0.00,0.00,0.00,0.00,0.00,0.00,0.00,0.00,0.00,0.00,0.00,0.00,0.00,0.00,0.00,0.00,0.00,0.00,0.00,0.00,0.00,0.00,0.00,0.00,0.00,0.00,0.00,0.00,0.00,0.00,0.00,0.00,118.30,0.00,0.00,0.00,0.00,101.00,0.00,0.00,0.00,956.80,943.00,0.00,0.00,0.00,62.70,0.00,0.00,0.00,0.00,0.00,0.00,0.00,0.00,0.00,0.00,0.00,0.00,0.00,267.30,292.80,0.00,0.00,0.00,0.00,0.00,0.00,0.00,0.00,0.00,127.80,0.00,0.00,0.00,0.00,0.00,0.00,0.00,0.00,0.00,0.00,0.00,0.00,0.00,0.00,0.00,0.00,0.00,0.00,0.00,0.00,0.00,0.00,0.00,0.00,0.00,0.00,0.00,0.00,0.00,0.00,0.00,0.00,0.00,0.00,0.00,0.00,547.20,534.60,0.00,0.00,0.00,0.00,0.00,0.00,0.00,0.00,0.00,0.00,0.00,0.00,0.00,0.00,0.00,0.00,0.00,0.00,0.00,0.00,0.00,0.00,0.00,0.00,0.00,0.00,0.00,49.00,0.00,0.00,0.00,244.00,320.60,84.40,0.00,0.00,25.00,0.00,0.00,0.00,395.20,0.00,5069.7,69,1
"3_Bangor_5003_F1-3_Bangor_5003_F1_AGACGACTCC-CCTACTCAAC_L001
",0.00,0.00,0.00,0.00,0.00,0.00,0.00,0.00,0.00,0.00,0.00,0.00,0.00,0.00,0.00,0.00,0.00,0.00,0.00,0.00,0.00,0.00,0.00,0.00,0.00,0.00,0.00,0.00,0.00,0.00,0.00,0.00,0.00,0.00,0.00,0.00,0.00,0.00,0.00,0.00,0.00,0.00,0.00,0.00,0.00,0.00,0.00,0.00,0.00,0.00,0.00,0.00,0.00,0.00,0.00,24.40,46.80,0.00,0.00,0.00,0.00,0.00,0.00,0.00,69.90,0.00,0.00,0.00,0.00,0.00,0.00,0.00,0.00,0.00,0.00,0.00,0.00,0.00,0.00,0.00,0.00,0.00,0.00,0.00,0.00,0.00,0.00,0.00,0.00,0.00,0.00,0.00,0.00,0.00,0.00,0.00,0.00,0.00,0.00,0.00,0.00,0.00,0.00,0.00,0.00,0.00,0.00,0.00,0.00,0.00,0.00,0.00,0.00,0.00,0.00,0.00,0.00,0.00,0.00,0.00,0.00,0.00,0.00,0.00,0.00,0.00,0.00,0.00,0.00,0.00,0.00,0.00,0.00,0.00,0.00,0.00,0.00,0.00,0.00,0.00,0.00,0.00,0.00,0.00,0.00,0.00,0.00,0.00,0.00,0.00,0.00,0.00,0.00,390.40,531.5,70,1
"3_cont_pos_H10-3_cont_pos_H10_TTCTGCTTCT-GACGCTGCAT_L001
",0.00,0.00,0.00,0.00,0.00,0.00,0.00,0.00,442.00,0.00,140.70,0.00,0.00,0.00,0.00,0.00,0.00,0.00,297.70,0.00,0.00,0.00,0.00,0.00,569.70,719.40,0.00,0.00,0.00,0.00,0.00,0.00,0.00,0.00,0.00,0.00,397.80,0.00,0.00,202.00,93.20,0.00,0.00,0.00,"1,058.00",617.50,0.00,207.00,0.00,0.00,0.00,0.00,0.00,0.00,0.00,0.00,0.00,0.00,0.00,148.20,0.00,0.00,0.00,634.40,0.00,0.00,0.00,259.60,0.00,364.50,352.00,0.00,0.00,489.90,457.60,44.60,448.20,456.00,72.30,0.00,0.00,0.00,0.00,0.00,0.00,0.00,0.00,0.00,0.00,0.00,0.00,336.00,0.00,790.40,0.00,875.00,0.00,0.00,0.00,0.00,0.00,0.00,0.00,0.00,0.00,0.00,0.00,0.00,0.00,0.00,278.40,0.00,0.00,0.00,0.00,92.50,0.00,0.00,0.00,0.00,0.00,0.00,0.00,0.00,0.00,0.00,0.00,0.00,0.00,0.00,0.00,0.00,0.00,0.00,0.00,0.00,0.00,0.00,0.00,196.00,910.20,0.00,655.20,"1,146.80","1,099.20",801.80,0.00,277.20,0.00,0.00,600.00,750.20,0.00,0.00,17281.2,71,1
"3_Ldn_140121_2_cond2_rep1_N-3_Ldn_140121_2_cond2_rep1_N_GCCAGCGCCG-GCTGGTTATA_L001
",0.00,0.00,0.00,0.00,0.00,0.00,0.00,0.00,574.60,558.90,0.00,0.00,0.00,0.00,0.00,0.00,0.00,0.00,0.00,0.00,687.00,0.00,0.00,0.00,506.40,675.80,0.00,0.00,0.00,0.00,0.00,0.00,0.00,0.00,0.00,476.00,0.00,0.00,0.00,0.00,0.00,0.00,0.00,83.20,322.00,247.00,0.00,184.00,250.80,0.00,0.00,0.00,0.00,0.00,0.00,0.00,0.00,0.00,0.00,0.00,0.00,0.00,801.90,902.80,0.00,0.00,0.00,0.00,0.00,121.50,132.00,18.90,0.00,234.30,0.00,0.00,0.00,360.00,48.20,0.00,0.00,0.00,0.00,0.00,0.00,0.00,0.00,0.00,0.00,0.00,0.00,0.00,949.20,"1,012.70",0.00,"1,550.00","1,331.00",306.80,0.00,0.00,0.00,0.00,0.00,0.00,0.00,0.00,0.00,0.00,0.00,0.00,412.80,"1,871.10",0.00,"1,934.40",0.00,0.00,0.00,0.00,0.00,0.00,0.00,0.00,0.00,188.10,426.60,0.00,0.00,0.00,0.00,0.00,528.00,615.00,0.00,0.00,0.00,0.00,0.00,0.00,0.00,73.50,0.00,0.00,0.00,"1,195.60","1,557.20",611.90,0.00,161.70,400.00,399.50,0.00,"1,137.40","2,544.10","1,927.60",28319.5,72,1
Grand_total,1.08E+04,2.74E+03,3.20E+03,2.17E+03,1.94E+04,3.39E+03,3.63E+02,2.56E+02,2.63E+04,1.74E+04,1.69E+03,7.23E+02,3.57E+02,7.82E+02,1.03E+03,1.06E+03,7.87E+02,3.03E+03,1.15E+04,5.01E+03,1.80E+04,2.25E+04,8.61E+02,7.62E+02,3.65E+04,3.89E+04,1.75E+04,4.19E+02,3.06E+02,6.96E+02,1.28E+04,1.11E+04,5.06E+02,1.66E+02,1.17E+03,1.55E+04,1.48E+04,8.79E+03,1.06E+04,8.52E+03,3.82E+03,4.07E+03,5.43E+03,4.13E+04,7.34E+04,3.18E+04,8.92E+03,1.18E+04,2.13E+04,2.19E+03,0.00E+00,3.76E+04,5.26E+04,5.69E+03,1.44E+04,6.08E+03,3.84E+03,9.35E+03,5.78E+03,1.24E+03,8.80E+03,8.46E+03,5.21E+04,8.09E+04,1.70E+04,2.56E+04,2.47E+04,1.51E+04,1.44E+04,3.20E+04,3.08E+04,2.57E+03,2.37E+03,2.98E+04,2.22E+04,1.83E+03,2.29E+04,2.79E+04,4.65E+03,1.78E+04,1.99E+04,3.31E+04,1.91E+04,3.75E+04,4.38E+04,1.93E+04,1.80E+04,6.13E+03,7.19E+03,3.34E+03,8.84E+03,1.70E+04,7.50E+04,5.98E+04,2.06E+04,8.94E+04,6.98E+04,1.73E+04,1.36E+04,1.43E+03,2.64E+03,2.20E+03,5.74E+02,3.21E+03,4.49E+03,7.60E+02,2.70E+02,4.22E+03,2.85E+03,3.06E+02,2.63E+04,8.41E+04,6.57E+04,1.44E+05,1.13E+03,2.26E+03,4.10E+03,1.37E+03,0.00E+00,3.35E+03,1.25E+04,1.20E+04,3.24E+03,1.01E+04,3.51E+03,1.11E+04,1.05E+04,1.97E+04,1.20E+04,6.61E+03,9.07E+03,3.96E+04,2.29E+04,2.69E+03,1.13E+04,5.32E+03,1.31E+04,9.11E+03,1.21E+03,1.57E+04,3.27E+04,2.48E+04,1.96E+04,7.22E+04,1.16E+05,8.06E+04,2.81E+04,4.72E+04,6.75E+04,8.63E+04,1.33E+05,1.84E+05,2.56E+05,1.58E+05,3.59E+06,,
Grand_total (values),1.08E+04,2.74E+03,3.20E+03,2.17E+03,1.94E+04,3.39E+03,3.63E+02,2.56E+02,2.63E+04,1.74E+04,1.69E+03,7.23E+02,3.57E+02,7.82E+02,1.03E+03,1.06E+03,7.87E+02,3.03E+03,1.15E+04,5.01E+03,1.80E+04,2.25E+04,8.61E+02,7.62E+02,3.65E+04,3.89E+04,1.75E+04,4.19E+02,3.06E+02,6.96E+02,1.28E+04,1.11E+04,5.06E+02,1.66E+02,1.17E+03,1.55E+04,1.48E+04,8.79E+03,1.06E+04,8.52E+03,3.82E+03,4.07E+03,5.43E+03,4.13E+04,7.34E+04,3.18E+04,8.92E+03,1.18E+04,2.13E+04,2.19E+03,0.00E+00,3.76E+04,5.26E+04,5.69E+03,1.44E+04,6.08E+03,3.84E+03,9.35E+03,5.78E+03,1.24E+03,8.80E+03,8.46E+03,5.21E+04,8.09E+04,1.70E+04,2.56E+04,2.47E+04,1.51E+04,1.44E+04,3.20E+04,3.08E+04,2.57E+03,2.37E+03,2.98E+04,2.22E+04,1.83E+03,2.29E+04,2.79E+04,4.65E+03,1.78E+04,1.99E+04,3.31E+04,1.91E+04,3.75E+04,4.38E+04,1.93E+04,1.80E+04,6.13E+03,7.19E+03,3.34E+03,8.84E+03,1.70E+04,7.50E+04,5.98E+04,2.06E+04,8.94E+04,6.98E+04,1.73E+04,1.36E+04,1.43E+03,2.64E+03,2.20E+03,5.74E+02,3.21E+03,4.49E+03,7.60E+02,2.70E+02,4.22E+03,2.85E+03,3.06E+02,2.63E+04,8.41E+04,6.57E+04,1.44E+05,1.13E+03,2.26E+03,4.10E+03,1.37E+03,0.00E+00,3.35E+03,1.25E+04,1.20E+04,3.24E+03,1.01E+04,3.51E+03,1.11E+04,1.05E+04,1.97E+04,1.20E+04,6.61E+03,9.07E+03,3.96E+04,2.29E+04,2.69E+03,1.13E+04,5.32E+03,1.31E+04,9.11E+03,1.21E+03,1.57E+04,3.27E+04,2.48E+04,1.96E+04,7.22E+04,1.16E+05,8.06E+04,2.81E+04,4.72E+04,6.75E+04,8.63E+04,1.33E+05,1.84E+05,2.56E+05,1.58E+05,,,
,,,,,,,,,,,,,,,,,,,,,,,,,,,,,,,,,,,,,,,,,,,,,,,,,,,,,,,,,,,,,,,,,,,,,,,,,,,,,,,,,,,,,,,,,,,,,,,,,,,,,,,,,,,,,,,,,,,,,,,,,,,,,,,,,,,,,,,,,,,,,,,,,,,,,,,,,,,,,
total_admissable_contributing,"3,586,618","3,586,618","3,586,618","3,586,618","3,586,618","3,586,618","3,586,618","3,586,618","3,586,618","3,586,618","3,586,618","3,586,618","3,586,618","3,586,618","3,586,618","3,586,618","3,586,618","3,586,618","3,586,618","3,586,618","3,586,618","3,586,618","3,586,618","3,586,618","3,586,618","3,586,618","3,586,618","3,586,618","2,781,910","3,586,618","3,586,618","3,586,618","3,586,618","3,586,618","3,586,618","3,586,618","3,586,618","3,586,618","3,586,618","3,586,618","3,586,618","3,586,618","3,586,618","3,586,618","3,586,618","3,586,618","3,586,618","3,586,618","3,586,618","3,586,618","3,586,618","2,781,910","2,781,910","3,586,618","3,586,618","3,586,618","3,586,618","3,586,618","3,586,618","3,586,618","3,586,618","3,586,618","3,586,618","3,586,618","3,586,618","3,586,618","3,586,618","3,586,618","3,586,618","3,586,618","3,586,618","3,586,618","3,586,618","3,586,618","3,586,618","3,586,618","3,586,618","3,586,618","3,586,618","3,586,618","3,586,618","3,586,618","3,586,618","3,586,618","3,586,618","3,586,618","3,586,618","3,586,618","3,586,618","3,586,618","3,586,618","3,586,618","3,586,618","3,586,618","3,586,618","3,586,618","3,586,618","3,586,618","3,586,618","3,586,618","2,781,910","2,781,910","3,586,618","3,586,618","3,586,618","3,586,618","3,586,618","3,586,618","3,586,618","3,586,618","3,586,618","3,586,618","3,586,618","3,586,618","3,586,618","3,586,618","3,586,618","3,586,618","3,586,618","3,586,618","3,586,618","3,586,618","3,586,618","3,586,618","3,586,618","3,586,618","3,586,618","3,586,618","3,586,618","3,586,618","3,586,618","3,586,618","3,586,618","2,781,910","2,781,910","3,586,618","3,586,618","3,586,618","3,586,618","3,586,618","3,586,618","3,586,618","3,586,618","3,586,618","3,586,618","3,586,618","3,586,618","3,586,618","3,586,618","3,586,618","3,586,618","3,586,618","3,586,618","3,586,618","546,706,247",,
proportion (formula),3.01E-03,7.63E-04,8.92E-04,6.06E-04,5.41E-03,9.46E-04,1.01E-04,7.13E-05,7.33E-03,4.85E-03,4.71E-04,2.02E-04,9.95E-05,2.18E-04,2.86E-04,2.96E-04,2.19E-04,8.45E-04,3.21E-03,1.40E-03,5.02E-03,6.28E-03,2.40E-04,2.12E-04,1.02E-02,1.09E-02,4.87E-03,1.17E-04,1.10E-04,1.94E-04,3.57E-03,3.09E-03,1.41E-04,4.63E-05,3.25E-04,4.31E-03,4.14E-03,2.45E-03,2.97E-03,2.38E-03,1.07E-03,1.13E-03,1.51E-03,1.15E-02,2.05E-02,8.86E-03,2.49E-03,3.28E-03,5.95E-03,6.11E-04,0.00E+00,1.35E-02,1.89E-02,1.59E-03,4.01E-03,1.69E-03,1.07E-03,2.61E-03,1.61E-03,3.44E-04,2.45E-03,2.36E-03,1.45E-02,2.26E-02,4.74E-03,7.13E-03,6.88E-03,4.21E-03,4.02E-03,8.93E-03,8.58E-03,7.17E-04,6.61E-04,8.32E-03,6.18E-03,5.10E-04,6.39E-03,7.79E-03,1.30E-03,4.96E-03,5.53E-03,9.23E-03,5.33E-03,1.05E-02,1.22E-02,5.39E-03,5.03E-03,1.71E-03,2.01E-03,9.32E-04,2.46E-03,4.73E-03,2.09E-02,1.67E-02,5.75E-03,2.49E-02,1.95E-02,4.81E-03,3.78E-03,3.97E-04,9.50E-04,7.92E-04,1.60E-04,8.95E-04,1.25E-03,2.12E-04,7.51E-05,1.18E-03,7.96E-04,8.52E-05,7.34E-03,2.34E-02,1.83E-02,4.02E-02,3.14E-04,6.29E-04,1.14E-03,3.82E-04,0.00E+00,9.35E-04,3.50E-03,3.35E-03,9.04E-04,2.82E-03,9.78E-04,3.09E-03,2.91E-03,5.50E-03,3.34E-03,1.84E-03,2.53E-03,1.10E-02,6.38E-03,9.66E-04,4.06E-03,1.48E-03,3.66E-03,2.54E-03,3.38E-04,4.36E-03,9.11E-03,6.92E-03,5.47E-03,2.01E-02,3.24E-02,2.25E-02,7.84E-03,1.32E-02,1.88E-02,2.41E-02,3.71E-02,5.12E-02,7.14E-02,4.42E-02,1.01E+00,,
proportion (values),0.002991779597,0.0007590138513,0.0008878742072,0.0006027724035,0.00544492568,0.0009842212505,0.0001007579791,0.00007090787295,0.007412286254,0.004886900694,0.0004683914424,0.0002005727392,0.00009903799156,0.0002169681042,0.0002846301942,0.0002944507682,0.0002182164822,0.0008409906762,0.003189134295,0.001389195088,0.004999698586,0.006245996001,0.0002388563326,0.0002112810487,0.01025534241,0.01080118878,0.004967545916,0.0001161268999,0.0001099963575,0.0001930824709,0.003553827135,0.003074172548,0.0001404009174,0.00004602353725,0.000323496364,0.004291646301,0.004115652738,0.002528936501,0.002952663752,0.002364816401,0.001060067152,0.001129088587,0.001506043273,0.01160980485,0.02053914785,0.008853053226,0.002475755597,0.003260486036,0.005919780947,0.0006075994653,0,0.01352739519,0.01891232798,0.00157717308,0.004037254597,0.001685476811,0.001064616797,0.002593297325,0.001602584509,0.000342610419,0.00244238229,0.002346701049,0.01445322165,0.02244594821,0.004718591592,0.007093894369,0.006842360064,0.004190111553,0.004000385832,0.008898438704,0.00853224781,0.0007288031026,0.0006574791036,0.008278494166,0.006151119269,0.0005072853539,0.0063550765,0.007749930902,0.001297037047,0.004932091979,0.005506845231,0.009356288287,0.005465260372,0.01041263805,0.01215329317,0.005359065013,0.005002389534,0.00170145605,0.001995740368,0.0009273506952,0.002452646732,0.004707217481,0.02093430111,0.01658234428,0.005724395912,0.02498143176,0.01950943015,0.00478589304,0.003765385601,0.0003953197142,0.0009496352201,0.000792297293,0.0001591265881,0.0008908425728,0.001245270971,0.0002108371809,0.00007476397402,0.00117103409,0.0007916381308,0.00008475099838,0.007480947046,0.02389095967,0.01862996169,0.04151361899,0.0003126493459,0.0006261309438,0.001137411108,0.0003799230516,0,0.0009304577694,0.003478480584,0.003331671326,0.0008998308947,0.002806242878,0.0009730690733,0.003069595162,0.002899566072,0.005469060989,0.003320269473,0.001834283474,0.002516730138,0.01099421577,0.006345172701,0.0009660627807,0.004063610534,0.001476969936,0.00363949361,0.002528464892,0.0003367014296,0.004383887567,0.009090189571,0.006885886845,0.005439932168,0.02004295919,0.03232333724,0.02253599788,0.007916825176,0.01310505659,0.01871179981,0.02393889739,0.03692424839,0.05094874928,0.07104369648,0.04394423878,1.008975086,,
normalised_proportion,0.002965166968,0.000752262233,0.0008799763438,0.000597410592,0.005396491703,0.0009754663561,0.00009986171163,0.00007027712966,0.007346352112,0.004843430489,0.0004642249833,0.0001987885945,0.00009815702382,0.0002150381186,0.0002820983374,0.0002918315549,0.000216275392,0.0008335098536,0.003160766147,0.00137683785,0.004955225015,0.006190436302,0.0002367316457,0.0002094016508,0.01016411857,0.0107051095,0.004923358351,0.0001150939221,0.0001090179124,0.000191364954,0.003522214952,0.003046827013,0.0001391520161,0.00004561414636,0.0003206187829,0.004253471032,0.004079042977,0.002506440978,0.002926399068,0.002343780767,0.001050637589,0.001119045062,0.001492646641,0.01150653273,0.02035644698,0.008774303101,0.002453733131,0.003231483196,0.005867123013,0.0006021947159,0,0.01340706562,0.01874409809,0.001563143731,0.004001342206,0.001670484073,0.001055146764,0.002570229296,0.001588329118,0.0003395628135,0.002420656688,0.002325826555,0.01432465663,0.02224628588,0.004676618538,0.007030792402,0.006781495558,0.004152839462,0.003964801398,0.008819284863,0.00845635133,0.0007223202165,0.0006516306624,0.008204854888,0.006096403523,0.0005027729237,0.006298546503,0.007680993326,0.001285499578,0.004888219786,0.005457860464,0.00927306176,0.005416645512,0.01032001502,0.01204518658,0.005311394787,0.004957892027,0.001686321172,0.001977987757,0.0009191016785,0.002430829825,0.004665345603,0.02074808526,0.01643484017,0.005673475977,0.02475921567,0.01933588888,0.004743321323,0.003731891553,0.0003918032464,0.000941187977,0.0007852496102,0.0001577111173,0.000882918305,0.001234193973,0.0002089617314,0.00007409892975,0.001160617448,0.0007845963114,0.00008399711702,0.007414402149,0.0236784436,0.01846424351,0.04114434495,0.0003098682517,0.0006205613523,0.001127293551,0.000376543541,0,0.0009221811146,0.003447538628,0.003302035275,0.0008918266736,0.002781280645,0.0009644133803,0.003042290344,0.002873773706,0.005420412322,0.003290734845,0.001817967063,0.002494343194,0.01089641946,0.006288730801,0.0009574694103,0.004027463701,0.001463831918,0.003607119403,0.002505973564,0.000333706386,0.00434489179,0.009009330059,0.006824635157,0.005391542609,0.01986467204,0.03203581306,0.02233553454,0.007846403034,0.01298848383,0.01854535366,0.0237259549,0.03659579796,0.0504955474,0.07041174501,0.04355334377,1,,
normalised_proportion (values),0.002965166968,0.000752262233,0.0008799763438,0.000597410592,0.005396491703,0.0009754663561,0.00009986171163,0.00007027712966,0.007346352112,0.004843430489,0.0004642249833,0.0001987885945,0.00009815702382,0.0002150381186,0.0002820983374,0.0002918315549,0.000216275392,0.0008335098536,0.003160766147,0.00137683785,0.004955225015,0.006190436302,0.0002367316457,0.0002094016508,0.01016411857,0.0107051095,0.004923358351,0.0001150939221,0.0001090179124,0.000191364954,0.003522214952,0.003046827013,0.0001391520161,0.00004561414636,0.0003206187829,0.004253471032,0.004079042977,0.002506440978,0.002926399068,0.002343780767,0.001050637589,0.001119045062,0.001492646641,0.01150653273,0.02035644698,0.008774303101,0.002453733131,0.003231483196,0.005867123013,0.0006021947159,0,0.01340706562,0.01874409809,0.001563143731,0.004001342206,0.001670484073,0.001055146764,0.002570229296,0.001588329118,0.0003395628135,0.002420656688,0.002325826555,0.01432465663,0.02224628588,0.004676618538,0.007030792402,0.006781495558,0.004152839462,0.003964801398,0.008819284863,0.00845635133,0.0007223202165,0.0006516306624,0.008204854888,0.006096403523,0.0005027729237,0.006298546503,0.007680993326,0.001285499578,0.004888219786,0.005457860464,0.00927306176,0.005416645512,0.01032001502,0.01204518658,0.005311394787,0.004957892027,0.001686321172,0.001977987757,0.0009191016785,0.002430829825,0.004665345603,0.02074808526,0.01643484017,0.005673475977,0.02475921567,0.01933588888,0.004743321323,0.003731891553,0.0003918032464,0.000941187977,0.0007852496102,0.0001577111173,0.000882918305,0.001234193973,0.0002089617314,0.00007409892975,0.001160617448,0.0007845963114,0.00008399711702,0.007414402149,0.0236784436,0.01846424351,0.04114434495,0.0003098682517,0.0006205613523,0.001127293551,0.000376543541,0,0.0009221811146,0.003447538628,0.003302035275,0.0008918266736,0.002781280645,0.0009644133803,0.003042290344,0.002873773706,0.005420412322,0.003290734845,0.001817967063,0.002494343194,0.01089641946,0.006288730801,0.0009574694103,0.004027463701,0.001463831918,0.003607119403,0.002505973564,0.000333706386,0.00434489179,0.009009330059,0.006824635157,0.005391542609,0.01986467204,0.03203581306,0.02233553454,0.007846403034,0.01298848383,0.01854535366,0.0237259549,0.03659579796,0.0504955474,0.07041174501,0.04355334377,,,